dia,stock,demanda,ventas,faltante,pedidos_pendientes,costo_orden_acum,costo_mantenimiento_acum,costo_faltante_acum,costo_total_acum,politica,s,Q
1,81,19,19,0,0,0.0,405.0,0.0,405.0,A,30,60
2,58,23,23,0,0,0.0,695.0,0.0,695.0,A,30,60
3,41,17,17,0,0,0.0,900.0,0.0,900.0,A,30,60
4,29,12,12,0,1,500.0,1045.0,0.0,1545.0,A,30,60
5,17,12,12,0,1,500.0,1130.0,0.0,1630.0,A,30,60
6,60,17,17,0,0,500.0,1430.0,0.0,1930.0,A,30,60
7,40,20,20,0,0,500.0,1630.0,0.0,2130.0,A,30,60
8,19,21,21,0,1,1000.0,1725.0,0.0,2725.0,A,30,60
9,0,22,19,3,1,1000.0,1725.0,90.0,2815.0,A,30,60
10,47,13,13,0,0,1000.0,1960.0,90.0,3050.0,A,30,60
11,18,29,29,0,1,1500.0,2050.0,90.0,3640.0,A,30,60
12,0,24,18,6,1,1500.0,2050.0,270.0,3820.0,A,30,60
13,42,18,18,0,0,1500.0,2260.0,270.0,4030.0,A,30,60
14,24,18,18,0,1,2000.0,2380.0,270.0,4650.0,A,30,60
15,5,19,19,0,1,2000.0,2405.0,270.0,4675.0,A,30,60
16,35,30,30,0,0,2000.0,2580.0,270.0,4850.0,A,30,60
17,13,22,22,0,1,2500.0,2645.0,270.0,5415.0,A,30,60
18,0,20,13,7,1,2500.0,2645.0,480.0,5625.0,A,30,60
19,38,22,22,0,0,2500.0,2835.0,480.0,5815.0,A,30,60
20,19,19,19,0,1,3000.0,2930.0,480.0,6410.0,A,30,60
21,4,15,15,0,1,3000.0,2950.0,480.0,6430.0,A,30,60
22,45,19,19,0,0,3000.0,3175.0,480.0,6655.0,A,30,60
23,25,20,20,0,1,3500.0,3300.0,480.0,7280.0,A,30,60
24,0,26,25,1,1,3500.0,3300.0,510.0,7310.0,A,30,60
25,37,23,23,0,0,3500.0,3485.0,510.0,7495.0,A,30,60
26,22,15,15,0,1,4000.0,3595.0,510.0,8105.0,A,30,60
27,6,16,16,0,1,4000.0,3625.0,510.0,8135.0,A,30,60
28,46,20,20,0,0,4000.0,3855.0,510.0,8365.0,A,30,60
29,26,20,20,0,1,4500.0,3985.0,510.0,8995.0,A,30,60
30,0,27,26,1,1,4500.0,3985.0,540.0,9025.0,A,30,60
31,47,13,13,0,0,4500.0,4220.0,540.0,9260.0,A,30,60
32,23,24,24,0,1,5000.0,4335.0,540.0,9875.0,A,30,60
33,0,28,23,5,1,5000.0,4335.0,690.0,10025.0,A,30,60
34,40,20,20,0,0,5000.0,4535.0,690.0,10225.0,A,30,60
35,21,19,19,0,1,5500.0,4640.0,690.0,10830.0,A,30,60
36,0,21,21,0,1,5500.0,4640.0,690.0,10830.0,A,30,60
37,42,18,18,0,0,5500.0,4850.0,690.0,11040.0,A,30,60
38,27,15,15,0,1,6000.0,4985.0,690.0,11675.0,A,30,60
39,0,33,27,6,1,6000.0,4985.0,870.0,11855.0,A,30,60
40,41,19,19,0,0,6000.0,5190.0,870.0,12060.0,A,30,60
41,16,25,25,0,1,6500.0,5270.0,870.0,12640.0,A,30,60
42,0,20,16,4,1,6500.0,5270.0,990.0,12760.0,A,30,60
43,38,22,22,0,0,6500.0,5460.0,990.0,12950.0,A,30,60
44,21,17,17,0,1,7000.0,5565.0,990.0,13555.0,A,30,60
45,0,29,21,8,1,7000.0,5565.0,1230.0,13795.0,A,30,60
46,39,21,21,0,0,7000.0,5760.0,1230.0,13990.0,A,30,60
47,21,18,18,0,1,7500.0,5865.0,1230.0,14595.0,A,30,60
48,0,23,21,2,1,7500.0,5865.0,1290.0,14655.0,A,30,60
49,38,22,22,0,0,7500.0,6055.0,1290.0,14845.0,A,30,60
50,14,24,24,0,1,8000.0,6125.0,1290.0,15415.0,A,30,60
51,0,17,14,3,1,8000.0,6125.0,1380.0,15505.0,A,30,60
52,35,25,25,0,0,8000.0,6300.0,1380.0,15680.0,A,30,60
53,18,17,17,0,1,8500.0,6390.0,1380.0,16270.0,A,30,60
54,1,17,17,0,1,8500.0,6395.0,1380.0,16275.0,A,30,60
55,37,24,24,0,0,8500.0,6580.0,1380.0,16460.0,A,30,60
56,16,21,21,0,1,9000.0,6660.0,1380.0,17040.0,A,30,60
57,0,28,16,12,1,9000.0,6660.0,1740.0,17400.0,A,30,60
58,40,20,20,0,0,9000.0,6860.0,1740.0,17600.0,A,30,60
59,22,18,18,0,1,9500.0,6970.0,1740.0,18210.0,A,30,60
60,2,20,20,0,1,9500.0,6980.0,1740.0,18220.0,A,30,60
61,51,11,11,0,0,9500.0,7235.0,1740.0,18475.0,A,30,60
62,29,22,22,0,1,10000.0,7380.0,1740.0,19120.0,A,30,60
63,12,17,17,0,1,10000.0,7440.0,1740.0,19180.0,A,30,60
64,55,17,17,0,0,10000.0,7715.0,1740.0,19455.0,A,30,60
65,26,29,29,0,1,10500.0,7845.0,1740.0,20085.0,A,30,60
66,4,22,22,0,1,10500.0,7865.0,1740.0,20105.0,A,30,60
67,52,12,12,0,0,10500.0,8125.0,1740.0,20365.0,A,30,60
68,38,14,14,0,0,10500.0,8315.0,1740.0,20555.0,A,30,60
69,16,22,22,0,1,11000.0,8395.0,1740.0,21135.0,A,30,60
70,1,15,15,0,1,11000.0,8400.0,1740.0,21140.0,A,30,60
71,36,25,25,0,0,11000.0,8580.0,1740.0,21320.0,A,30,60
72,21,15,15,0,1,11500.0,8685.0,1740.0,21925.0,A,30,60
73,7,14,14,0,1,11500.0,8720.0,1740.0,21960.0,A,30,60
74,47,20,20,0,0,11500.0,8955.0,1740.0,22195.0,A,30,60
75,31,16,16,0,0,11500.0,9110.0,1740.0,22350.0,A,30,60
76,17,14,14,0,1,12000.0,9195.0,1740.0,22935.0,A,30,60
77,0,17,17,0,1,12000.0,9195.0,1740.0,22935.0,A,30,60
78,37,23,23,0,0,12000.0,9380.0,1740.0,23120.0,A,30,60
79,21,16,16,0,1,12500.0,9485.0,1740.0,23725.0,A,30,60
80,0,28,21,7,1,12500.0,9485.0,1950.0,23935.0,A,30,60
81,42,18,18,0,0,12500.0,9695.0,1950.0,24145.0,A,30,60
82,15,27,27,0,1,13000.0,9770.0,1950.0,24720.0,A,30,60
83,0,29,15,14,1,13000.0,9770.0,2370.0,25140.0,A,30,60
84,36,24,24,0,0,13000.0,9950.0,2370.0,25320.0,A,30,60
85,21,15,15,0,1,13500.0,10055.0,2370.0,25925.0,A,30,60
86,9,12,12,0,1,13500.0,10100.0,2370.0,25970.0,A,30,60
87,45,24,24,0,0,13500.0,10325.0,2370.0,26195.0,A,30,60
88,22,23,23,0,1,14000.0,10435.0,2370.0,26805.0,A,30,60
89,0,27,22,5,1,14000.0,10435.0,2520.0,26955.0,A,30,60
90,36,24,24,0,0,14000.0,10615.0,2520.0,27135.0,A,30,60
91,10,26,26,0,1,14500.0,10665.0,2520.0,27685.0,A,30,60
92,0,20,10,10,1,14500.0,10665.0,2820.0,27985.0,A,30,60
93,39,21,21,0,0,14500.0,10860.0,2820.0,28180.0,A,30,60
94,19,20,20,0,1,15000.0,10955.0,2820.0,28775.0,A,30,60
95,2,17,17,0,1,15000.0,10965.0,2820.0,28785.0,A,30,60
96,41,21,21,0,0,15000.0,11170.0,2820.0,28990.0,A,30,60
97,21,20,20,0,1,15500.0,11275.0,2820.0,29595.0,A,30,60
98,2,19,19,0,1,15500.0,11285.0,2820.0,29605.0,A,30,60
99,40,22,22,0,0,15500.0,11485.0,2820.0,29805.0,A,30,60
100,16,24,24,0,1,16000.0,11565.0,2820.0,30385.0,A,30,60
101,0,23,16,7,1,16000.0,11565.0,3030.0,30595.0,A,30,60
102,38,22,22,0,0,16000.0,11755.0,3030.0,30785.0,A,30,60
103,16,22,22,0,1,16500.0,11835.0,3030.0,31365.0,A,30,60
104,0,22,16,6,1,16500.0,11835.0,3210.0,31545.0,A,30,60
105,42,18,18,0,0,16500.0,12045.0,3210.0,31755.0,A,30,60
106,30,12,12,0,1,17000.0,12195.0,3210.0,32405.0,A,30,60
107,14,16,16,0,1,17000.0,12265.0,3210.0,32475.0,A,30,60
108,52,22,22,0,0,17000.0,12525.0,3210.0,32735.0,A,30,60
109,37,15,15,0,0,17000.0,12710.0,3210.0,32920.0,A,30,60
110,13,24,24,0,1,17500.0,12775.0,3210.0,33485.0,A,30,60
111,0,24,13,11,1,17500.0,12775.0,3540.0,33815.0,A,30,60
112,38,22,22,0,0,17500.0,12965.0,3540.0,34005.0,A,30,60
113,20,18,18,0,1,18000.0,13065.0,3540.0,34605.0,A,30,60
114,11,9,9,0,1,18000.0,13120.0,3540.0,34660.0,A,30,60
115,46,25,25,0,0,18000.0,13350.0,3540.0,34890.0,A,30,60
116,37,9,9,0,0,18000.0,13535.0,3540.0,35075.0,A,30,60
117,15,22,22,0,1,18500.0,13610.0,3540.0,35650.0,A,30,60
118,0,18,15,3,1,18500.0,13610.0,3630.0,35740.0,A,30,60
119,37,23,23,0,0,18500.0,13795.0,3630.0,35925.0,A,30,60
120,20,17,17,0,1,19000.0,13895.0,3630.0,36525.0,A,30,60
121,2,18,18,0,1,19000.0,13905.0,3630.0,36535.0,A,30,60
122,41,21,21,0,0,19000.0,14110.0,3630.0,36740.0,A,30,60
123,29,12,12,0,1,19500.0,14255.0,3630.0,37385.0,A,30,60
124,7,22,22,0,1,19500.0,14290.0,3630.0,37420.0,A,30,60
125,49,18,18,0,0,19500.0,14535.0,3630.0,37665.0,A,30,60
126,31,18,18,0,0,19500.0,14690.0,3630.0,37820.0,A,30,60
127,10,21,21,0,1,20000.0,14740.0,3630.0,38370.0,A,30,60
128,0,20,10,10,1,20000.0,14740.0,3930.0,38670.0,A,30,60
129,39,21,21,0,0,20000.0,14935.0,3930.0,38865.0,A,30,60
130,25,14,14,0,1,20500.0,15060.0,3930.0,39490.0,A,30,60
131,9,16,16,0,1,20500.0,15105.0,3930.0,39535.0,A,30,60
132,47,22,22,0,0,20500.0,15340.0,3930.0,39770.0,A,30,60
133,26,21,21,0,1,21000.0,15470.0,3930.0,40400.0,A,30,60
134,10,16,16,0,1,21000.0,15520.0,3930.0,40450.0,A,30,60
135,46,24,24,0,0,21000.0,15750.0,3930.0,40680.0,A,30,60
136,27,19,19,0,1,21500.0,15885.0,3930.0,41315.0,A,30,60
137,9,18,18,0,1,21500.0,15930.0,3930.0,41360.0,A,30,60
138,53,16,16,0,0,21500.0,16195.0,3930.0,41625.0,A,30,60
139,34,19,19,0,0,21500.0,16365.0,3930.0,41795.0,A,30,60
140,22,12,12,0,1,22000.0,16475.0,3930.0,42405.0,A,30,60
141,3,19,19,0,1,22000.0,16490.0,3930.0,42420.0,A,30,60
142,40,23,23,0,0,22000.0,16690.0,3930.0,42620.0,A,30,60
143,19,21,21,0,1,22500.0,16785.0,3930.0,43215.0,A,30,60
144,4,15,15,0,1,22500.0,16805.0,3930.0,43235.0,A,30,60
145,42,22,22,0,0,22500.0,17015.0,3930.0,43445.0,A,30,60
146,20,22,22,0,1,23000.0,17115.0,3930.0,44045.0,A,30,60
147,0,21,20,1,1,23000.0,17115.0,3960.0,44075.0,A,30,60
148,42,18,18,0,0,23000.0,17325.0,3960.0,44285.0,A,30,60
149,20,22,22,0,1,23500.0,17425.0,3960.0,44885.0,A,30,60
150,5,15,15,0,1,23500.0,17450.0,3960.0,44910.0,A,30,60
151,46,19,19,0,0,23500.0,17680.0,3960.0,45140.0,A,30,60
152,17,29,29,0,1,24000.0,17765.0,3960.0,45725.0,A,30,60
153,0,20,17,3,1,24000.0,17765.0,4050.0,45815.0,A,30,60
154,40,20,20,0,0,24000.0,17965.0,4050.0,46015.0,A,30,60
155,18,22,22,0,1,24500.0,18055.0,4050.0,46605.0,A,30,60
156,2,16,16,0,1,24500.0,18065.0,4050.0,46615.0,A,30,60
157,44,18,18,0,0,24500.0,18285.0,4050.0,46835.0,A,30,60
158,35,9,9,0,0,24500.0,18460.0,4050.0,47010.0,A,30,60
159,8,27,27,0,1,25000.0,18500.0,4050.0,47550.0,A,30,60
160,0,16,8,8,1,25000.0,18500.0,4290.0,47790.0,A,30,60
161,39,21,21,0,0,25000.0,18695.0,4290.0,47985.0,A,30,60
162,13,26,26,0,1,25500.0,18760.0,4290.0,48550.0,A,30,60
163,0,27,13,14,1,25500.0,18760.0,4710.0,48970.0,A,30,60
164,39,21,21,0,0,25500.0,18955.0,4710.0,49165.0,A,30,60
165,24,15,15,0,1,26000.0,19075.0,4710.0,49785.0,A,30,60
166,8,16,16,0,1,26000.0,19115.0,4710.0,49825.0,A,30,60
167,46,22,22,0,0,26000.0,19345.0,4710.0,50055.0,A,30,60
168,21,25,25,0,1,26500.0,19450.0,4710.0,50660.0,A,30,60
169,2,19,19,0,1,26500.0,19460.0,4710.0,50670.0,A,30,60
170,41,21,21,0,0,26500.0,19665.0,4710.0,50875.0,A,30,60
171,20,21,21,0,1,27000.0,19765.0,4710.0,51475.0,A,30,60
172,0,25,20,5,1,27000.0,19765.0,4860.0,51625.0,A,30,60
173,40,20,20,0,0,27000.0,19965.0,4860.0,51825.0,A,30,60
174,21,19,19,0,1,27500.0,20070.0,4860.0,52430.0,A,30,60
175,1,20,20,0,1,27500.0,20075.0,4860.0,52435.0,A,30,60
176,38,23,23,0,0,27500.0,20265.0,4860.0,52625.0,A,30,60
177,24,14,14,0,1,28000.0,20385.0,4860.0,53245.0,A,30,60
178,2,22,22,0,1,28000.0,20395.0,4860.0,53255.0,A,30,60
179,41,21,21,0,0,28000.0,20600.0,4860.0,53460.0,A,30,60
180,13,28,28,0,1,28500.0,20665.0,4860.0,54025.0,A,30,60
181,0,23,13,10,1,28500.0,20665.0,5160.0,54325.0,A,30,60
182,41,19,19,0,0,28500.0,20870.0,5160.0,54530.0,A,30,60
183,24,17,17,0,1,29000.0,20990.0,5160.0,55150.0,A,30,60
184,2,22,22,0,1,29000.0,21000.0,5160.0,55160.0,A,30,60
185,47,15,15,0,0,29000.0,21235.0,5160.0,55395.0,A,30,60
186,33,14,14,0,0,29000.0,21400.0,5160.0,55560.0,A,30,60
187,12,21,21,0,1,29500.0,21460.0,5160.0,56120.0,A,30,60
188,0,20,12,8,1,29500.0,21460.0,5400.0,56360.0,A,30,60
189,48,12,12,0,0,29500.0,21700.0,5400.0,56600.0,A,30,60
190,25,23,23,0,1,30000.0,21825.0,5400.0,57225.0,A,30,60
191,10,15,15,0,1,30000.0,21875.0,5400.0,57275.0,A,30,60
192,45,25,25,0,0,30000.0,22100.0,5400.0,57500.0,A,30,60
193,32,13,13,0,0,30000.0,22260.0,5400.0,57660.0,A,30,60
194,15,17,17,0,1,30500.0,22335.0,5400.0,58235.0,A,30,60
195,0,16,15,1,1,30500.0,22335.0,5430.0,58265.0,A,30,60
196,48,12,12,0,0,30500.0,22575.0,5430.0,58505.0,A,30,60
197,27,21,21,0,1,31000.0,22710.0,5430.0,59140.0,A,30,60
198,0,37,27,10,1,31000.0,22710.0,5730.0,59440.0,A,30,60
199,41,19,19,0,0,31000.0,22915.0,5730.0,59645.0,A,30,60
200,27,14,14,0,1,31500.0,23050.0,5730.0,60280.0,A,30,60
201,1,26,26,0,1,31500.0,23055.0,5730.0,60285.0,A,30,60
202,49,12,12,0,0,31500.0,23300.0,5730.0,60530.0,A,30,60
203,33,16,16,0,0,31500.0,23465.0,5730.0,60695.0,A,30,60
204,14,19,19,0,1,32000.0,23535.0,5730.0,61265.0,A,30,60
205,0,20,14,6,1,32000.0,23535.0,5910.0,61445.0,A,30,60
206,48,12,12,0,0,32000.0,23775.0,5910.0,61685.0,A,30,60
207,23,25,25,0,1,32500.0,23890.0,5910.0,62300.0,A,30,60
208,0,27,23,4,1,32500.0,23890.0,6030.0,62420.0,A,30,60
209,39,21,21,0,0,32500.0,24085.0,6030.0,62615.0,A,30,60
210,14,25,25,0,1,33000.0,24155.0,6030.0,63185.0,A,30,60
211,5,9,9,0,1,33000.0,24180.0,6030.0,63210.0,A,30,60
212,45,20,20,0,0,33000.0,24405.0,6030.0,63435.0,A,30,60
213,30,15,15,0,1,33500.0,24555.0,6030.0,64085.0,A,30,60
214,14,16,16,0,1,33500.0,24625.0,6030.0,64155.0,A,30,60
215,47,27,27,0,0,33500.0,24860.0,6030.0,64390.0,A,30,60
216,31,16,16,0,0,33500.0,25015.0,6030.0,64545.0,A,30,60
217,11,20,20,0,1,34000.0,25070.0,6030.0,65100.0,A,30,60
218,0,21,11,10,1,34000.0,25070.0,6330.0,65400.0,A,30,60
219,47,13,13,0,0,34000.0,25305.0,6330.0,65635.0,A,30,60
220,35,12,12,0,0,34000.0,25480.0,6330.0,65810.0,A,30,60
221,11,24,24,0,1,34500.0,25535.0,6330.0,66365.0,A,30,60
222,0,33,11,22,1,34500.0,25535.0,6990.0,67025.0,A,30,60
223,45,15,15,0,0,34500.0,25760.0,6990.0,67250.0,A,30,60
224,17,28,28,0,1,35000.0,25845.0,6990.0,67835.0,A,30,60
225,0,19,17,2,1,35000.0,25845.0,7050.0,67895.0,A,30,60
226,45,15,15,0,0,35000.0,26070.0,7050.0,68120.0,A,30,60
227,22,23,23,0,1,35500.0,26180.0,7050.0,68730.0,A,30,60
228,8,14,14,0,1,35500.0,26220.0,7050.0,68770.0,A,30,60
229,50,18,18,0,0,35500.0,26470.0,7050.0,69020.0,A,30,60
230,34,16,16,0,0,35500.0,26640.0,7050.0,69190.0,A,30,60
231,13,21,21,0,1,36000.0,26705.0,7050.0,69755.0,A,30,60
232,0,18,13,5,1,36000.0,26705.0,7200.0,69905.0,A,30,60
233,40,20,20,0,0,36000.0,26905.0,7200.0,70105.0,A,30,60
234,19,21,21,0,1,36500.0,27000.0,7200.0,70700.0,A,30,60
235,6,13,13,0,1,36500.0,27030.0,7200.0,70730.0,A,30,60
236,37,29,29,0,0,36500.0,27215.0,7200.0,70915.0,A,30,60
237,21,16,16,0,1,37000.0,27320.0,7200.0,71520.0,A,30,60
238,0,22,21,1,1,37000.0,27320.0,7230.0,71550.0,A,30,60
239,37,23,23,0,0,37000.0,27505.0,7230.0,71735.0,A,30,60
240,18,19,19,0,1,37500.0,27595.0,7230.0,72325.0,A,30,60
241,0,22,18,4,1,37500.0,27595.0,7350.0,72445.0,A,30,60
242,40,20,20,0,0,37500.0,27795.0,7350.0,72645.0,A,30,60
243,23,17,17,0,1,38000.0,27910.0,7350.0,73260.0,A,30,60
244,4,19,19,0,1,38000.0,27930.0,7350.0,73280.0,A,30,60
245,53,11,11,0,0,38000.0,28195.0,7350.0,73545.0,A,30,60
246,36,17,17,0,0,38000.0,28375.0,7350.0,73725.0,A,30,60
247,20,16,16,0,1,38500.0,28475.0,7350.0,74325.0,A,30,60
248,0,20,20,0,1,38500.0,28475.0,7350.0,74325.0,A,30,60
249,38,22,22,0,0,38500.0,28665.0,7350.0,74515.0,A,30,60
250,25,13,13,0,1,39000.0,28790.0,7350.0,75140.0,A,30,60
251,1,24,24,0,1,39000.0,28795.0,7350.0,75145.0,A,30,60
252,47,14,14,0,0,39000.0,29030.0,7350.0,75380.0,A,30,60
253,33,14,14,0,0,39000.0,29195.0,7350.0,75545.0,A,30,60
254,13,20,20,0,1,39500.0,29260.0,7350.0,76110.0,A,30,60
255,0,19,13,6,1,39500.0,29260.0,7530.0,76290.0,A,30,60
256,39,21,21,0,0,39500.0,29455.0,7530.0,76485.0,A,30,60
257,14,25,25,0,1,40000.0,29525.0,7530.0,77055.0,A,30,60
258,0,16,14,2,1,40000.0,29525.0,7590.0,77115.0,A,30,60
259,35,25,25,0,0,40000.0,29700.0,7590.0,77290.0,A,30,60
260,16,19,19,0,1,40500.0,29780.0,7590.0,77870.0,A,30,60
261,0,23,16,7,1,40500.0,29780.0,7800.0,78080.0,A,30,60
262,41,19,19,0,0,40500.0,29985.0,7800.0,78285.0,A,30,60
263,22,19,19,0,1,41000.0,30095.0,7800.0,78895.0,A,30,60
264,5,17,17,0,1,41000.0,30120.0,7800.0,78920.0,A,30,60
265,51,14,14,0,0,41000.0,30375.0,7800.0,79175.0,A,30,60
266,34,17,17,0,0,41000.0,30545.0,7800.0,79345.0,A,30,60
267,14,20,20,0,1,41500.0,30615.0,7800.0,79915.0,A,30,60
268,0,20,14,6,1,41500.0,30615.0,7980.0,80095.0,A,30,60
269,46,14,14,0,0,41500.0,30845.0,7980.0,80325.0,A,30,60
270,24,22,22,0,1,42000.0,30965.0,7980.0,80945.0,A,30,60
271,0,26,24,2,1,42000.0,30965.0,8040.0,81005.0,A,30,60
272,32,28,28,0,0,42000.0,31125.0,8040.0,81165.0,A,30,60
273,10,22,22,0,1,42500.0,31175.0,8040.0,81715.0,A,30,60
274,0,25,10,15,1,42500.0,31175.0,8490.0,82165.0,A,30,60
275,38,22,22,0,0,42500.0,31365.0,8490.0,82355.0,A,30,60
276,17,21,21,0,1,43000.0,31450.0,8490.0,82940.0,A,30,60
277,0,27,17,10,1,43000.0,31450.0,8790.0,83240.0,A,30,60
278,37,23,23,0,0,43000.0,31635.0,8790.0,83425.0,A,30,60
279,18,19,19,0,1,43500.0,31725.0,8790.0,84015.0,A,30,60
280,0,24,18,6,1,43500.0,31725.0,8970.0,84195.0,A,30,60
281,37,23,23,0,0,43500.0,31910.0,8970.0,84380.0,A,30,60
282,19,18,18,0,1,44000.0,32005.0,8970.0,84975.0,A,30,60
283,0,22,19,3,1,44000.0,32005.0,9060.0,85065.0,A,30,60
284,32,28,28,0,0,44000.0,32165.0,9060.0,85225.0,A,30,60
285,4,28,28,0,1,44500.0,32185.0,9060.0,85745.0,A,30,60
286,0,18,4,14,1,44500.0,32185.0,9480.0,86165.0,A,30,60
287,33,27,27,0,0,44500.0,32350.0,9480.0,86330.0,A,30,60
288,12,21,21,0,1,45000.0,32410.0,9480.0,86890.0,A,30,60
289,0,20,12,8,1,45000.0,32410.0,9720.0,87130.0,A,30,60
290,37,23,23,0,0,45000.0,32595.0,9720.0,87315.0,A,30,60
291,18,19,19,0,1,45500.0,32685.0,9720.0,87905.0,A,30,60
292,0,18,18,0,1,45500.0,32685.0,9720.0,87905.0,A,30,60
293,41,19,19,0,0,45500.0,32890.0,9720.0,88110.0,A,30,60
294,23,18,18,0,1,46000.0,33005.0,9720.0,88725.0,A,30,60
295,3,20,20,0,1,46000.0,33020.0,9720.0,88740.0,A,30,60
296,35,28,28,0,0,46000.0,33195.0,9720.0,88915.0,A,30,60
297,13,22,22,0,1,46500.0,33260.0,9720.0,89480.0,A,30,60
298,0,25,13,12,1,46500.0,33260.0,10080.0,89840.0,A,30,60
299,41,19,19,0,0,46500.0,33465.0,10080.0,90045.0,A,30,60
300,26,15,15,0,1,47000.0,33595.0,10080.0,90675.0,A,30,60
301,3,23,23,0,1,47000.0,33610.0,10080.0,90690.0,A,30,60
302,41,22,22,0,0,47000.0,33815.0,10080.0,90895.0,A,30,60
303,16,25,25,0,1,47500.0,33895.0,10080.0,91475.0,A,30,60
304,0,26,16,10,1,47500.0,33895.0,10380.0,91775.0,A,30,60
305,37,23,23,0,0,47500.0,34080.0,10380.0,91960.0,A,30,60
306,22,15,15,0,1,48000.0,34190.0,10380.0,92570.0,A,30,60
307,2,20,20,0,1,48000.0,34200.0,10380.0,92580.0,A,30,60
308,37,25,25,0,0,48000.0,34385.0,10380.0,92765.0,A,30,60
309,16,21,21,0,1,48500.0,34465.0,10380.0,93345.0,A,30,60
310,0,18,16,2,1,48500.0,34465.0,10440.0,93405.0,A,30,60
311,48,12,12,0,0,48500.0,34705.0,10440.0,93645.0,A,30,60
312,28,20,20,0,1,49000.0,34845.0,10440.0,94285.0,A,30,60
313,9,19,19,0,1,49000.0,34890.0,10440.0,94330.0,A,30,60
314,48,21,21,0,0,49000.0,35130.0,10440.0,94570.0,A,30,60
315,26,22,22,0,1,49500.0,35260.0,10440.0,95200.0,A,30,60
316,6,20,20,0,1,49500.0,35290.0,10440.0,95230.0,A,30,60
317,39,27,27,0,0,49500.0,35485.0,10440.0,95425.0,A,30,60
318,13,26,26,0,1,50000.0,35550.0,10440.0,95990.0,A,30,60
319,0,31,13,18,1,50000.0,35550.0,10980.0,96530.0,A,30,60
320,40,20,20,0,0,50000.0,35750.0,10980.0,96730.0,A,30,60
321,22,18,18,0,1,50500.0,35860.0,10980.0,97340.0,A,30,60
322,0,22,22,0,1,50500.0,35860.0,10980.0,97340.0,A,30,60
323,46,14,14,0,0,50500.0,36090.0,10980.0,97570.0,A,30,60
324,28,18,18,0,1,51000.0,36230.0,10980.0,98210.0,A,30,60
325,8,20,20,0,1,51000.0,36270.0,10980.0,98250.0,A,30,60
326,51,17,17,0,0,51000.0,36525.0,10980.0,98505.0,A,30,60
327,31,20,20,0,0,51000.0,36680.0,10980.0,98660.0,A,30,60
328,10,21,21,0,1,51500.0,36730.0,10980.0,99210.0,A,30,60
329,0,22,10,12,1,51500.0,36730.0,11340.0,99570.0,A,30,60
330,44,16,16,0,0,51500.0,36950.0,11340.0,99790.0,A,30,60
331,14,30,30,0,1,52000.0,37020.0,11340.0,100360.0,A,30,60
332,0,24,14,10,1,52000.0,37020.0,11640.0,100660.0,A,30,60
333,37,23,23,0,0,52000.0,37205.0,11640.0,100845.0,A,30,60
334,21,16,16,0,1,52500.0,37310.0,11640.0,101450.0,A,30,60
335,7,14,14,0,1,52500.0,37345.0,11640.0,101485.0,A,30,60
336,46,21,21,0,0,52500.0,37575.0,11640.0,101715.0,A,30,60
337,11,35,35,0,1,53000.0,37630.0,11640.0,102270.0,A,30,60
338,0,26,11,15,1,53000.0,37630.0,12090.0,102720.0,A,30,60
339,37,23,23,0,0,53000.0,37815.0,12090.0,102905.0,A,30,60
340,22,15,15,0,1,53500.0,37925.0,12090.0,103515.0,A,30,60
341,0,35,22,13,1,53500.0,37925.0,12480.0,103905.0,A,30,60
342,42,18,18,0,0,53500.0,38135.0,12480.0,104115.0,A,30,60
343,17,25,25,0,1,54000.0,38220.0,12480.0,104700.0,A,30,60
344,2,15,15,0,1,54000.0,38230.0,12480.0,104710.0,A,30,60
345,46,16,16,0,0,54000.0,38460.0,12480.0,104940.0,A,30,60
346,30,16,16,0,1,54500.0,38610.0,12480.0,105590.0,A,30,60
347,6,24,24,0,1,54500.0,38640.0,12480.0,105620.0,A,30,60
348,52,14,14,0,0,54500.0,38900.0,12480.0,105880.0,A,30,60
349,35,17,17,0,0,54500.0,39075.0,12480.0,106055.0,A,30,60
350,16,19,19,0,1,55000.0,39155.0,12480.0,106635.0,A,30,60
351,0,18,16,2,1,55000.0,39155.0,12540.0,106695.0,A,30,60
352,43,17,17,0,0,55000.0,39370.0,12540.0,106910.0,A,30,60
353,12,31,31,0,1,55500.0,39430.0,12540.0,107470.0,A,30,60
354,0,15,12,3,1,55500.0,39430.0,12630.0,107560.0,A,30,60
355,42,18,18,0,0,55500.0,39640.0,12630.0,107770.0,A,30,60
356,17,25,25,0,1,56000.0,39725.0,12630.0,108355.0,A,30,60
357,3,14,14,0,1,56000.0,39740.0,12630.0,108370.0,A,30,60
358,37,26,26,0,0,56000.0,39925.0,12630.0,108555.0,A,30,60
359,19,18,18,0,1,56500.0,40020.0,12630.0,109150.0,A,30,60
360,8,11,11,0,1,56500.0,40060.0,12630.0,109190.0,A,30,60
361,38,30,30,0,0,56500.0,40250.0,12630.0,109380.0,A,30,60
362,17,21,21,0,1,57000.0,40335.0,12630.0,109965.0,A,30,60
363,0,23,17,6,1,57000.0,40335.0,12810.0,110145.0,A,30,60
364,40,20,20,0,0,57000.0,40535.0,12810.0,110345.0,A,30,60
365,23,17,17,0,1,57500.0,40650.0,12810.0,110960.0,A,30,60
1,79,21,21,0,0,0.0,395.0,0.0,395.0,B,40,80
2,59,20,20,0,0,0.0,690.0,0.0,690.0,B,40,80
3,38,21,21,0,1,500.0,880.0,0.0,1380.0,B,40,80
4,22,16,16,0,1,500.0,990.0,0.0,1490.0,B,40,80
5,84,18,18,0,0,500.0,1410.0,0.0,1910.0,B,40,80
6,70,14,14,0,0,500.0,1760.0,0.0,2260.0,B,40,80
7,57,13,13,0,0,500.0,2045.0,0.0,2545.0,B,40,80
8,33,24,24,0,1,1000.0,2210.0,0.0,3210.0,B,40,80
9,20,13,13,0,1,1000.0,2310.0,0.0,3310.0,B,40,80
10,79,21,21,0,0,1000.0,2705.0,0.0,3705.0,B,40,80
11,48,31,31,0,0,1000.0,2945.0,0.0,3945.0,B,40,80
12,26,22,22,0,1,1500.0,3075.0,0.0,4575.0,B,40,80
13,3,23,23,0,1,1500.0,3090.0,0.0,4590.0,B,40,80
14,56,27,27,0,0,1500.0,3370.0,0.0,4870.0,B,40,80
15,37,19,19,0,1,2000.0,3555.0,0.0,5555.0,B,40,80
16,16,21,21,0,1,2000.0,3635.0,0.0,5635.0,B,40,80
17,74,22,22,0,0,2000.0,4005.0,0.0,6005.0,B,40,80
18,56,18,18,0,0,2000.0,4285.0,0.0,6285.0,B,40,80
19,41,15,15,0,0,2000.0,4490.0,0.0,6490.0,B,40,80
20,23,18,18,0,1,2500.0,4605.0,0.0,7105.0,B,40,80
21,1,22,22,0,1,2500.0,4610.0,0.0,7110.0,B,40,80
22,61,20,20,0,0,2500.0,4915.0,0.0,7415.0,B,40,80
23,42,19,19,0,0,2500.0,5125.0,0.0,7625.0,B,40,80
24,19,23,23,0,1,3000.0,5220.0,0.0,8220.0,B,40,80
25,0,19,19,0,1,3000.0,5220.0,0.0,8220.0,B,40,80
26,55,25,25,0,0,3000.0,5495.0,0.0,8495.0,B,40,80
27,45,10,10,0,0,3000.0,5720.0,0.0,8720.0,B,40,80
28,24,21,21,0,1,3500.0,5840.0,0.0,9340.0,B,40,80
29,1,23,23,0,1,3500.0,5845.0,0.0,9345.0,B,40,80
30,55,26,26,0,0,3500.0,6120.0,0.0,9620.0,B,40,80
31,40,15,15,0,1,4000.0,6320.0,0.0,10320.0,B,40,80
32,11,29,29,0,1,4000.0,6375.0,0.0,10375.0,B,40,80
33,73,18,18,0,0,4000.0,6740.0,0.0,10740.0,B,40,80
34,40,33,33,0,1,4500.0,6940.0,0.0,11440.0,B,40,80
35,18,22,22,0,1,4500.0,7030.0,0.0,11530.0,B,40,80
36,74,24,24,0,0,4500.0,7400.0,0.0,11900.0,B,40,80
37,53,21,21,0,0,4500.0,7665.0,0.0,12165.0,B,40,80
38,34,19,19,0,1,5000.0,7835.0,0.0,12835.0,B,40,80
39,18,16,16,0,1,5000.0,7925.0,0.0,12925.0,B,40,80
40,75,23,23,0,0,5000.0,8300.0,0.0,13300.0,B,40,80
41,50,25,25,0,0,5000.0,8550.0,0.0,13550.0,B,40,80
42,34,16,16,0,1,5500.0,8720.0,0.0,14220.0,B,40,80
43,11,23,23,0,1,5500.0,8775.0,0.0,14275.0,B,40,80
44,70,21,21,0,0,5500.0,9125.0,0.0,14625.0,B,40,80
45,44,26,26,0,0,5500.0,9345.0,0.0,14845.0,B,40,80
46,24,20,20,0,1,6000.0,9465.0,0.0,15465.0,B,40,80
47,9,15,15,0,1,6000.0,9510.0,0.0,15510.0,B,40,80
48,76,13,13,0,0,6000.0,9890.0,0.0,15890.0,B,40,80
49,46,30,30,0,0,6000.0,10120.0,0.0,16120.0,B,40,80
50,23,23,23,0,1,6500.0,10235.0,0.0,16735.0,B,40,80
51,5,18,18,0,1,6500.0,10260.0,0.0,16760.0,B,40,80
52,61,24,24,0,0,6500.0,10565.0,0.0,17065.0,B,40,80
53,34,27,27,0,1,7000.0,10735.0,0.0,17735.0,B,40,80
54,20,14,14,0,1,7000.0,10835.0,0.0,17835.0,B,40,80
55,79,21,21,0,0,7000.0,11230.0,0.0,18230.0,B,40,80
56,63,16,16,0,0,7000.0,11545.0,0.0,18545.0,B,40,80
57,46,17,17,0,0,7000.0,11775.0,0.0,18775.0,B,40,80
58,20,26,26,0,1,7500.0,11875.0,0.0,19375.0,B,40,80
59,1,19,19,0,1,7500.0,11880.0,0.0,19380.0,B,40,80
60,57,24,24,0,0,7500.0,12165.0,0.0,19665.0,B,40,80
61,42,15,15,0,0,7500.0,12375.0,0.0,19875.0,B,40,80
62,18,24,24,0,1,8000.0,12465.0,0.0,20465.0,B,40,80
63,0,20,18,2,1,8000.0,12465.0,60.0,20525.0,B,40,80
64,51,29,29,0,0,8000.0,12720.0,60.0,20780.0,B,40,80
65,37,14,14,0,1,8500.0,12905.0,60.0,21465.0,B,40,80
66,24,13,13,0,1,8500.0,13025.0,60.0,21585.0,B,40,80
67,91,13,13,0,0,8500.0,13480.0,60.0,22040.0,B,40,80
68,70,21,21,0,0,8500.0,13830.0,60.0,22390.0,B,40,80
69,47,23,23,0,0,8500.0,14065.0,60.0,22625.0,B,40,80
70,33,14,14,0,1,9000.0,14230.0,60.0,23290.0,B,40,80
71,16,17,17,0,1,9000.0,14310.0,60.0,23370.0,B,40,80
72,75,21,21,0,0,9000.0,14685.0,60.0,23745.0,B,40,80
73,53,22,22,0,0,9000.0,14950.0,60.0,24010.0,B,40,80
74,33,20,20,0,1,9500.0,15115.0,60.0,24675.0,B,40,80
75,19,14,14,0,1,9500.0,15210.0,60.0,24770.0,B,40,80
76,78,21,21,0,0,9500.0,15600.0,60.0,25160.0,B,40,80
77,62,16,16,0,0,9500.0,15910.0,60.0,25470.0,B,40,80
78,34,28,28,0,1,10000.0,16080.0,60.0,26140.0,B,40,80
79,20,14,14,0,1,10000.0,16180.0,60.0,26240.0,B,40,80
80,85,15,15,0,0,10000.0,16605.0,60.0,26665.0,B,40,80
81,71,14,14,0,0,10000.0,16960.0,60.0,27020.0,B,40,80
82,56,15,15,0,0,10000.0,17240.0,60.0,27300.0,B,40,80
83,33,23,23,0,1,10500.0,17405.0,60.0,27965.0,B,40,80
84,14,19,19,0,1,10500.0,17475.0,60.0,28035.0,B,40,80
85,76,18,18,0,0,10500.0,17855.0,60.0,28415.0,B,40,80
86,64,12,12,0,0,10500.0,18175.0,60.0,28735.0,B,40,80
87,47,17,17,0,0,10500.0,18410.0,60.0,28970.0,B,40,80
88,28,19,19,0,1,11000.0,18550.0,60.0,29610.0,B,40,80
89,6,22,22,0,1,11000.0,18580.0,60.0,29640.0,B,40,80
90,68,18,18,0,0,11000.0,18920.0,60.0,29980.0,B,40,80
91,43,25,25,0,0,11000.0,19135.0,60.0,30195.0,B,40,80
92,23,20,20,0,1,11500.0,19250.0,60.0,30810.0,B,40,80
93,2,21,21,0,1,11500.0,19260.0,60.0,30820.0,B,40,80
94,68,14,14,0,0,11500.0,19600.0,60.0,31160.0,B,40,80
95,38,30,30,0,1,12000.0,19790.0,60.0,31850.0,B,40,80
96,17,21,21,0,1,12000.0,19875.0,60.0,31935.0,B,40,80
97,76,21,21,0,0,12000.0,20255.0,60.0,32315.0,B,40,80
98,54,22,22,0,0,12000.0,20525.0,60.0,32585.0,B,40,80
99,32,22,22,0,1,12500.0,20685.0,60.0,33245.0,B,40,80
100,15,17,17,0,1,12500.0,20760.0,60.0,33320.0,B,40,80
101,76,19,19,0,0,12500.0,21140.0,60.0,33700.0,B,40,80
102,62,14,14,0,0,12500.0,21450.0,60.0,34010.0,B,40,80
103,39,23,23,0,1,13000.0,21645.0,60.0,34705.0,B,40,80
104,19,20,20,0,1,13000.0,21740.0,60.0,34800.0,B,40,80
105,69,30,30,0,0,13000.0,22085.0,60.0,35145.0,B,40,80
106,47,22,22,0,0,13000.0,22320.0,60.0,35380.0,B,40,80
107,27,20,20,0,1,13500.0,22455.0,60.0,36015.0,B,40,80
108,7,20,20,0,1,13500.0,22490.0,60.0,36050.0,B,40,80
109,69,18,18,0,0,13500.0,22835.0,60.0,36395.0,B,40,80
110,46,23,23,0,0,13500.0,23065.0,60.0,36625.0,B,40,80
111,17,29,29,0,1,14000.0,23150.0,60.0,37210.0,B,40,80
112,0,22,17,5,1,14000.0,23150.0,210.0,37360.0,B,40,80
113,57,23,23,0,0,14000.0,23435.0,210.0,37645.0,B,40,80
114,32,25,25,0,1,14500.0,23595.0,210.0,38305.0,B,40,80
115,13,19,19,0,1,14500.0,23660.0,210.0,38370.0,B,40,80
116,76,17,17,0,0,14500.0,24040.0,210.0,38750.0,B,40,80
117,52,24,24,0,0,14500.0,24300.0,210.0,39010.0,B,40,80
118,29,23,23,0,1,15000.0,24445.0,210.0,39655.0,B,40,80
119,19,10,10,0,1,15000.0,24540.0,210.0,39750.0,B,40,80
120,83,16,16,0,0,15000.0,24955.0,210.0,40165.0,B,40,80
121,62,21,21,0,0,15000.0,25265.0,210.0,40475.0,B,40,80
122,42,20,20,0,0,15000.0,25475.0,210.0,40685.0,B,40,80
123,24,18,18,0,1,15500.0,25595.0,210.0,41305.0,B,40,80
124,10,14,14,0,1,15500.0,25645.0,210.0,41355.0,B,40,80
125,68,22,22,0,0,15500.0,25985.0,210.0,41695.0,B,40,80
126,47,21,21,0,0,15500.0,26220.0,210.0,41930.0,B,40,80
127,24,23,23,0,1,16000.0,26340.0,210.0,42550.0,B,40,80
128,8,16,16,0,1,16000.0,26380.0,210.0,42590.0,B,40,80
129,77,11,11,0,0,16000.0,26765.0,210.0,42975.0,B,40,80
130,56,21,21,0,0,16000.0,27045.0,210.0,43255.0,B,40,80
131,29,27,27,0,1,16500.0,27190.0,210.0,43900.0,B,40,80
132,6,23,23,0,1,16500.0,27220.0,210.0,43930.0,B,40,80
133,71,15,15,0,0,16500.0,27575.0,210.0,44285.0,B,40,80
134,46,25,25,0,0,16500.0,27805.0,210.0,44515.0,B,40,80
135,25,21,21,0,1,17000.0,27930.0,210.0,45140.0,B,40,80
136,5,20,20,0,1,17000.0,27955.0,210.0,45165.0,B,40,80
137,58,27,27,0,0,17000.0,28245.0,210.0,45455.0,B,40,80
138,37,21,21,0,1,17500.0,28430.0,210.0,46140.0,B,40,80
139,8,29,29,0,1,17500.0,28470.0,210.0,46180.0,B,40,80
140,67,21,21,0,0,17500.0,28805.0,210.0,46515.0,B,40,80
141,48,19,19,0,0,17500.0,29045.0,210.0,46755.0,B,40,80
142,19,29,29,0,1,18000.0,29140.0,210.0,47350.0,B,40,80
143,0,20,19,1,1,18000.0,29140.0,240.0,47380.0,B,40,80
144,60,20,20,0,0,18000.0,29440.0,240.0,47680.0,B,40,80
145,46,14,14,0,0,18000.0,29670.0,240.0,47910.0,B,40,80
146,31,15,15,0,1,18500.0,29825.0,240.0,48565.0,B,40,80
147,11,20,20,0,1,18500.0,29880.0,240.0,48620.0,B,40,80
148,76,15,15,0,0,18500.0,30260.0,240.0,49000.0,B,40,80
149,52,24,24,0,0,18500.0,30520.0,240.0,49260.0,B,40,80
150,30,22,22,0,1,19000.0,30670.0,240.0,49910.0,B,40,80
151,15,15,15,0,1,19000.0,30745.0,240.0,49985.0,B,40,80
152,72,23,23,0,0,19000.0,31105.0,240.0,50345.0,B,40,80
153,47,25,25,0,0,19000.0,31340.0,240.0,50580.0,B,40,80
154,27,20,20,0,1,19500.0,31475.0,240.0,51215.0,B,40,80
155,4,23,23,0,1,19500.0,31495.0,240.0,51235.0,B,40,80
156,60,24,24,0,0,19500.0,31795.0,240.0,51535.0,B,40,80
157,39,21,21,0,1,20000.0,31990.0,240.0,52230.0,B,40,80
158,16,23,23,0,1,20000.0,32070.0,240.0,52310.0,B,40,80
159,71,25,25,0,0,20000.0,32425.0,240.0,52665.0,B,40,80
160,52,19,19,0,0,20000.0,32685.0,240.0,52925.0,B,40,80
161,30,22,22,0,1,20500.0,32835.0,240.0,53575.0,B,40,80
162,11,19,19,0,1,20500.0,32890.0,240.0,53630.0,B,40,80
163,75,16,16,0,0,20500.0,33265.0,240.0,54005.0,B,40,80
164,57,18,18,0,0,20500.0,33550.0,240.0,54290.0,B,40,80
165,45,12,12,0,0,20500.0,33775.0,240.0,54515.0,B,40,80
166,28,17,17,0,1,21000.0,33915.0,240.0,55155.0,B,40,80
167,9,19,19,0,1,21000.0,33960.0,240.0,55200.0,B,40,80
168,65,24,24,0,0,21000.0,34285.0,240.0,55525.0,B,40,80
169,47,18,18,0,0,21000.0,34520.0,240.0,55760.0,B,40,80
170,33,14,14,0,1,21500.0,34685.0,240.0,56425.0,B,40,80
171,12,21,21,0,1,21500.0,34745.0,240.0,56485.0,B,40,80
172,75,17,17,0,0,21500.0,35120.0,240.0,56860.0,B,40,80
173,50,25,25,0,0,21500.0,35370.0,240.0,57110.0,B,40,80
174,26,24,24,0,1,22000.0,35500.0,240.0,57740.0,B,40,80
175,7,19,19,0,1,22000.0,35535.0,240.0,57775.0,B,40,80
176,71,16,16,0,0,22000.0,35890.0,240.0,58130.0,B,40,80
177,47,24,24,0,0,22000.0,36125.0,240.0,58365.0,B,40,80
178,31,16,16,0,1,22500.0,36280.0,240.0,59020.0,B,40,80
179,9,22,22,0,1,22500.0,36325.0,240.0,59065.0,B,40,80
180,73,16,16,0,0,22500.0,36690.0,240.0,59430.0,B,40,80
181,48,25,25,0,0,22500.0,36930.0,240.0,59670.0,B,40,80
182,33,15,15,0,1,23000.0,37095.0,240.0,60335.0,B,40,80
183,17,16,16,0,1,23000.0,37180.0,240.0,60420.0,B,40,80
184,84,13,13,0,0,23000.0,37600.0,240.0,60840.0,B,40,80
185,66,18,18,0,0,23000.0,37930.0,240.0,61170.0,B,40,80
186,49,17,17,0,0,23000.0,38175.0,240.0,61415.0,B,40,80
187,37,12,12,0,1,23500.0,38360.0,240.0,62100.0,B,40,80
188,14,23,23,0,1,23500.0,38430.0,240.0,62170.0,B,40,80
189,71,23,23,0,0,23500.0,38785.0,240.0,62525.0,B,40,80
190,56,15,15,0,0,23500.0,39065.0,240.0,62805.0,B,40,80
191,32,24,24,0,1,24000.0,39225.0,240.0,63465.0,B,40,80
192,5,27,27,0,1,24000.0,39250.0,240.0,63490.0,B,40,80
193,61,24,24,0,0,24000.0,39555.0,240.0,63795.0,B,40,80
194,41,20,20,0,0,24000.0,39760.0,240.0,64000.0,B,40,80
195,24,17,17,0,1,24500.0,39880.0,240.0,64620.0,B,40,80
196,0,28,24,4,1,24500.0,39880.0,360.0,64740.0,B,40,80
197,53,27,27,0,0,24500.0,40145.0,360.0,65005.0,B,40,80
198,31,22,22,0,1,25000.0,40300.0,360.0,65660.0,B,40,80
199,10,21,21,0,1,25000.0,40350.0,360.0,65710.0,B,40,80
200,76,14,14,0,0,25000.0,40730.0,360.0,66090.0,B,40,80
201,58,18,18,0,0,25000.0,41020.0,360.0,66380.0,B,40,80
202,32,26,26,0,1,25500.0,41180.0,360.0,67040.0,B,40,80
203,16,16,16,0,1,25500.0,41260.0,360.0,67120.0,B,40,80
204,73,23,23,0,0,25500.0,41625.0,360.0,67485.0,B,40,80
205,35,38,38,0,1,26000.0,41800.0,360.0,68160.0,B,40,80
206,15,20,20,0,1,26000.0,41875.0,360.0,68235.0,B,40,80
207,77,18,18,0,0,26000.0,42260.0,360.0,68620.0,B,40,80
208,60,17,17,0,0,26000.0,42560.0,360.0,68920.0,B,40,80
209,44,16,16,0,0,26000.0,42780.0,360.0,69140.0,B,40,80
210,25,19,19,0,1,26500.0,42905.0,360.0,69765.0,B,40,80
211,6,19,19,0,1,26500.0,42935.0,360.0,69795.0,B,40,80
212,72,14,14,0,0,26500.0,43295.0,360.0,70155.0,B,40,80
213,51,21,21,0,0,26500.0,43550.0,360.0,70410.0,B,40,80
214,32,19,19,0,1,27000.0,43710.0,360.0,71070.0,B,40,80
215,14,18,18,0,1,27000.0,43780.0,360.0,71140.0,B,40,80
216,81,13,13,0,0,27000.0,44185.0,360.0,71545.0,B,40,80
217,56,25,25,0,0,27000.0,44465.0,360.0,71825.0,B,40,80
218,36,20,20,0,1,27500.0,44645.0,360.0,72505.0,B,40,80
219,12,24,24,0,1,27500.0,44705.0,360.0,72565.0,B,40,80
220,74,18,18,0,0,27500.0,45075.0,360.0,72935.0,B,40,80
221,49,25,25,0,0,27500.0,45320.0,360.0,73180.0,B,40,80
222,30,19,19,0,1,28000.0,45470.0,360.0,73830.0,B,40,80
223,13,17,17,0,1,28000.0,45535.0,360.0,73895.0,B,40,80
224,74,19,19,0,0,28000.0,45905.0,360.0,74265.0,B,40,80
225,51,23,23,0,0,28000.0,46160.0,360.0,74520.0,B,40,80
226,35,16,16,0,1,28500.0,46335.0,360.0,75195.0,B,40,80
227,15,20,20,0,1,28500.0,46410.0,360.0,75270.0,B,40,80
228,79,16,16,0,0,28500.0,46805.0,360.0,75665.0,B,40,80
229,65,14,14,0,0,28500.0,47130.0,360.0,75990.0,B,40,80
230,41,24,24,0,0,28500.0,47335.0,360.0,76195.0,B,40,80
231,24,17,17,0,1,29000.0,47455.0,360.0,76815.0,B,40,80
232,0,25,24,1,1,29000.0,47455.0,390.0,76845.0,B,40,80
233,62,18,18,0,0,29000.0,47765.0,390.0,77155.0,B,40,80
234,48,14,14,0,0,29000.0,48005.0,390.0,77395.0,B,40,80
235,31,17,17,0,1,29500.0,48160.0,390.0,78050.0,B,40,80
236,7,24,24,0,1,29500.0,48195.0,390.0,78085.0,B,40,80
237,62,25,25,0,0,29500.0,48505.0,390.0,78395.0,B,40,80
238,34,28,28,0,1,30000.0,48675.0,390.0,79065.0,B,40,80
239,12,22,22,0,1,30000.0,48735.0,390.0,79125.0,B,40,80
240,74,18,18,0,0,30000.0,49105.0,390.0,79495.0,B,40,80
241,47,27,27,0,0,30000.0,49340.0,390.0,79730.0,B,40,80
242,21,26,26,0,1,30500.0,49445.0,390.0,80335.0,B,40,80
243,13,8,8,0,1,30500.0,49510.0,390.0,80400.0,B,40,80
244,77,16,16,0,0,30500.0,49895.0,390.0,80785.0,B,40,80
245,56,21,21,0,0,30500.0,50175.0,390.0,81065.0,B,40,80
246,38,18,18,0,1,31000.0,50365.0,390.0,81755.0,B,40,80
247,6,32,32,0,1,31000.0,50395.0,390.0,81785.0,B,40,80
248,61,25,25,0,0,31000.0,50700.0,390.0,82090.0,B,40,80
249,42,19,19,0,0,31000.0,50910.0,390.0,82300.0,B,40,80
250,17,25,25,0,1,31500.0,50995.0,390.0,82885.0,B,40,80
251,0,19,17,2,1,31500.0,50995.0,450.0,82945.0,B,40,80
252,62,18,18,0,0,31500.0,51305.0,450.0,83255.0,B,40,80
253,42,20,20,0,0,31500.0,51515.0,450.0,83465.0,B,40,80
254,24,18,18,0,1,32000.0,51635.0,450.0,84085.0,B,40,80
255,8,16,16,0,1,32000.0,51675.0,450.0,84125.0,B,40,80
256,63,25,25,0,0,32000.0,51990.0,450.0,84440.0,B,40,80
257,48,15,15,0,0,32000.0,52230.0,450.0,84680.0,B,40,80
258,28,20,20,0,1,32500.0,52370.0,450.0,85320.0,B,40,80
259,15,13,13,0,1,32500.0,52445.0,450.0,85395.0,B,40,80
260,71,24,24,0,0,32500.0,52800.0,450.0,85750.0,B,40,80
261,58,13,13,0,0,32500.0,53090.0,450.0,86040.0,B,40,80
262,36,22,22,0,1,33000.0,53270.0,450.0,86720.0,B,40,80
263,15,21,21,0,1,33000.0,53345.0,450.0,86795.0,B,40,80
264,80,15,15,0,0,33000.0,53745.0,450.0,87195.0,B,40,80
265,57,23,23,0,0,33000.0,54030.0,450.0,87480.0,B,40,80
266,37,20,20,0,1,33500.0,54215.0,450.0,88165.0,B,40,80
267,9,28,28,0,1,33500.0,54260.0,450.0,88210.0,B,40,80
268,62,27,27,0,0,33500.0,54570.0,450.0,88520.0,B,40,80
269,48,14,14,0,0,33500.0,54810.0,450.0,88760.0,B,40,80
270,27,21,21,0,1,34000.0,54945.0,450.0,89395.0,B,40,80
271,2,25,25,0,1,34000.0,54955.0,450.0,89405.0,B,40,80
272,58,24,24,0,0,34000.0,55245.0,450.0,89695.0,B,40,80
273,39,19,19,0,1,34500.0,55440.0,450.0,90390.0,B,40,80
274,24,15,15,0,1,34500.0,55560.0,450.0,90510.0,B,40,80
275,81,23,23,0,0,34500.0,55965.0,450.0,90915.0,B,40,80
276,56,25,25,0,0,34500.0,56245.0,450.0,91195.0,B,40,80
277,39,17,17,0,1,35000.0,56440.0,450.0,91890.0,B,40,80
278,15,24,24,0,1,35000.0,56515.0,450.0,91965.0,B,40,80
279,75,20,20,0,0,35000.0,56890.0,450.0,92340.0,B,40,80
280,59,16,16,0,0,35000.0,57185.0,450.0,92635.0,B,40,80
281,43,16,16,0,0,35000.0,57400.0,450.0,92850.0,B,40,80
282,30,13,13,0,1,35500.0,57550.0,450.0,93500.0,B,40,80
283,13,17,17,0,1,35500.0,57615.0,450.0,93565.0,B,40,80
284,76,17,17,0,0,35500.0,57995.0,450.0,93945.0,B,40,80
285,54,22,22,0,0,35500.0,58265.0,450.0,94215.0,B,40,80
286,34,20,20,0,1,36000.0,58435.0,450.0,94885.0,B,40,80
287,6,28,28,0,1,36000.0,58465.0,450.0,94915.0,B,40,80
288,63,23,23,0,0,36000.0,58780.0,450.0,95230.0,B,40,80
289,49,14,14,0,0,36000.0,59025.0,450.0,95475.0,B,40,80
290,29,20,20,0,1,36500.0,59170.0,450.0,96120.0,B,40,80
291,8,21,21,0,1,36500.0,59210.0,450.0,96160.0,B,40,80
292,64,24,24,0,0,36500.0,59530.0,450.0,96480.0,B,40,80
293,46,18,18,0,0,36500.0,59760.0,450.0,96710.0,B,40,80
294,19,27,27,0,1,37000.0,59855.0,450.0,97305.0,B,40,80
295,0,21,19,2,1,37000.0,59855.0,510.0,97365.0,B,40,80
296,57,23,23,0,0,37000.0,60140.0,510.0,97650.0,B,40,80
297,38,19,19,0,1,37500.0,60330.0,510.0,98340.0,B,40,80
298,24,14,14,0,1,37500.0,60450.0,510.0,98460.0,B,40,80
299,89,15,15,0,0,37500.0,60895.0,510.0,98905.0,B,40,80
300,63,26,26,0,0,37500.0,61210.0,510.0,99220.0,B,40,80
301,43,20,20,0,0,37500.0,61425.0,510.0,99435.0,B,40,80
302,20,23,23,0,1,38000.0,61525.0,510.0,100035.0,B,40,80
303,0,25,20,5,1,38000.0,61525.0,660.0,100185.0,B,40,80
304,63,17,17,0,0,38000.0,61840.0,660.0,100500.0,B,40,80
305,40,23,23,0,1,38500.0,62040.0,660.0,101200.0,B,40,80
306,18,22,22,0,1,38500.0,62130.0,660.0,101290.0,B,40,80
307,86,12,12,0,0,38500.0,62560.0,660.0,101720.0,B,40,80
308,64,22,22,0,0,38500.0,62880.0,660.0,102040.0,B,40,80
309,43,21,21,0,0,38500.0,63095.0,660.0,102255.0,B,40,80
310,18,25,25,0,1,39000.0,63185.0,660.0,102845.0,B,40,80
311,2,16,16,0,1,39000.0,63195.0,660.0,102855.0,B,40,80
312,47,35,35,0,0,39000.0,63430.0,660.0,103090.0,B,40,80
313,29,18,18,0,1,39500.0,63575.0,660.0,103735.0,B,40,80
314,9,20,20,0,1,39500.0,63620.0,660.0,103780.0,B,40,80
315,77,12,12,0,0,39500.0,64005.0,660.0,104165.0,B,40,80
316,60,17,17,0,0,39500.0,64305.0,660.0,104465.0,B,40,80
317,38,22,22,0,1,40000.0,64495.0,660.0,105155.0,B,40,80
318,25,13,13,0,1,40000.0,64620.0,660.0,105280.0,B,40,80
319,89,16,16,0,0,40000.0,65065.0,660.0,105725.0,B,40,80
320,73,16,16,0,0,40000.0,65430.0,660.0,106090.0,B,40,80
321,52,21,21,0,0,40000.0,65690.0,660.0,106350.0,B,40,80
322,36,16,16,0,1,40500.0,65870.0,660.0,107030.0,B,40,80
323,18,18,18,0,1,40500.0,65960.0,660.0,107120.0,B,40,80
324,84,14,14,0,0,40500.0,66380.0,660.0,107540.0,B,40,80
325,50,34,34,0,0,40500.0,66630.0,660.0,107790.0,B,40,80
326,31,19,19,0,1,41000.0,66785.0,660.0,108445.0,B,40,80
327,0,31,31,0,1,41000.0,66785.0,660.0,108445.0,B,40,80
328,53,27,27,0,0,41000.0,67050.0,660.0,108710.0,B,40,80
329,32,21,21,0,1,41500.0,67210.0,660.0,109370.0,B,40,80
330,9,23,23,0,1,41500.0,67255.0,660.0,109415.0,B,40,80
331,68,21,21,0,0,41500.0,67595.0,660.0,109755.0,B,40,80
332,47,21,21,0,0,41500.0,67830.0,660.0,109990.0,B,40,80
333,25,22,22,0,1,42000.0,67955.0,660.0,110615.0,B,40,80
334,6,19,19,0,1,42000.0,67985.0,660.0,110645.0,B,40,80
335,61,25,25,0,0,42000.0,68290.0,660.0,110950.0,B,40,80
336,35,26,26,0,1,42500.0,68465.0,660.0,111625.0,B,40,80
337,17,18,18,0,1,42500.0,68550.0,660.0,111710.0,B,40,80
338,76,21,21,0,0,42500.0,68930.0,660.0,112090.0,B,40,80
339,49,27,27,0,0,42500.0,69175.0,660.0,112335.0,B,40,80
340,30,19,19,0,1,43000.0,69325.0,660.0,112985.0,B,40,80
341,8,22,22,0,1,43000.0,69365.0,660.0,113025.0,B,40,80
342,68,20,20,0,0,43000.0,69705.0,660.0,113365.0,B,40,80
343,45,23,23,0,0,43000.0,69930.0,660.0,113590.0,B,40,80
344,25,20,20,0,1,43500.0,70055.0,660.0,114215.0,B,40,80
345,6,19,19,0,1,43500.0,70085.0,660.0,114245.0,B,40,80
346,73,13,13,0,0,43500.0,70450.0,660.0,114610.0,B,40,80
347,50,23,23,0,0,43500.0,70700.0,660.0,114860.0,B,40,80
348,23,27,27,0,1,44000.0,70815.0,660.0,115475.0,B,40,80
349,2,21,21,0,1,44000.0,70825.0,660.0,115485.0,B,40,80
350,53,29,29,0,0,44000.0,71090.0,660.0,115750.0,B,40,80
351,29,24,24,0,1,44500.0,71235.0,660.0,116395.0,B,40,80
352,15,14,14,0,1,44500.0,71310.0,660.0,116470.0,B,40,80
353,73,22,22,0,0,44500.0,71675.0,660.0,116835.0,B,40,80
354,45,28,28,0,0,44500.0,71900.0,660.0,117060.0,B,40,80
355,26,19,19,0,1,45000.0,72030.0,660.0,117690.0,B,40,80
356,9,17,17,0,1,45000.0,72075.0,660.0,117735.0,B,40,80
357,69,20,20,0,0,45000.0,72420.0,660.0,118080.0,B,40,80
358,43,26,26,0,0,45000.0,72635.0,660.0,118295.0,B,40,80
359,23,20,20,0,1,45500.0,72750.0,660.0,118910.0,B,40,80
360,4,19,19,0,1,45500.0,72770.0,660.0,118930.0,B,40,80
361,71,13,13,0,0,45500.0,73125.0,660.0,119285.0,B,40,80
362,52,19,19,0,0,45500.0,73385.0,660.0,119545.0,B,40,80
363,32,20,20,0,1,46000.0,73545.0,660.0,120205.0,B,40,80
364,8,24,24,0,1,46000.0,73585.0,660.0,120245.0,B,40,80
365,62,26,26,0,0,46000.0,73895.0,660.0,120555.0,B,40,80
1,83,17,17,0,0,0.0,415.0,0.0,415.0,C,50,100
2,66,17,17,0,0,0.0,745.0,0.0,745.0,C,50,100
3,46,20,20,0,1,500.0,975.0,0.0,1475.0,C,50,100
4,23,23,23,0,1,500.0,1090.0,0.0,1590.0,C,50,100
5,106,17,17,0,0,500.0,1620.0,0.0,2120.0,C,50,100
6,89,17,17,0,0,500.0,2065.0,0.0,2565.0,C,50,100
7,62,27,27,0,0,500.0,2375.0,0.0,2875.0,C,50,100
8,44,18,18,0,1,1000.0,2595.0,0.0,3595.0,C,50,100
9,23,21,21,0,1,1000.0,2710.0,0.0,3710.0,C,50,100
10,107,16,16,0,0,1000.0,3245.0,0.0,4245.0,C,50,100
11,83,24,24,0,0,1000.0,3660.0,0.0,4660.0,C,50,100
12,63,20,20,0,0,1000.0,3975.0,0.0,4975.0,C,50,100
13,41,22,22,0,1,1500.0,4180.0,0.0,5680.0,C,50,100
14,25,16,16,0,1,1500.0,4305.0,0.0,5805.0,C,50,100
15,109,16,16,0,0,1500.0,4850.0,0.0,6350.0,C,50,100
16,95,14,14,0,0,1500.0,5325.0,0.0,6825.0,C,50,100
17,71,24,24,0,0,1500.0,5680.0,0.0,7180.0,C,50,100
18,56,15,15,0,0,1500.0,5960.0,0.0,7460.0,C,50,100
19,38,18,18,0,1,2000.0,6150.0,0.0,8150.0,C,50,100
20,16,22,22,0,1,2000.0,6230.0,0.0,8230.0,C,50,100
21,97,19,19,0,0,2000.0,6715.0,0.0,8715.0,C,50,100
22,71,26,26,0,0,2000.0,7070.0,0.0,9070.0,C,50,100
23,41,30,30,0,1,2500.0,7275.0,0.0,9775.0,C,50,100
24,24,17,17,0,1,2500.0,7395.0,0.0,9895.0,C,50,100
25,109,15,15,0,0,2500.0,7940.0,0.0,10440.0,C,50,100
26,82,27,27,0,0,2500.0,8350.0,0.0,10850.0,C,50,100
27,57,25,25,0,0,2500.0,8635.0,0.0,11135.0,C,50,100
28,38,19,19,0,1,3000.0,8825.0,0.0,11825.0,C,50,100
29,15,23,23,0,1,3000.0,8900.0,0.0,11900.0,C,50,100
30,89,26,26,0,0,3000.0,9345.0,0.0,12345.0,C,50,100
31,74,15,15,0,0,3000.0,9715.0,0.0,12715.0,C,50,100
32,59,15,15,0,0,3000.0,10010.0,0.0,13010.0,C,50,100
33,39,20,20,0,1,3500.0,10205.0,0.0,13705.0,C,50,100
34,18,21,21,0,1,3500.0,10295.0,0.0,13795.0,C,50,100
35,96,22,22,0,0,3500.0,10775.0,0.0,14275.0,C,50,100
36,73,23,23,0,0,3500.0,11140.0,0.0,14640.0,C,50,100
37,49,24,24,0,1,4000.0,11385.0,0.0,15385.0,C,50,100
38,36,13,13,0,1,4000.0,11565.0,0.0,15565.0,C,50,100
39,118,18,18,0,0,4000.0,12155.0,0.0,16155.0,C,50,100
40,96,22,22,0,0,4000.0,12635.0,0.0,16635.0,C,50,100
41,75,21,21,0,0,4000.0,13010.0,0.0,17010.0,C,50,100
42,58,17,17,0,0,4000.0,13300.0,0.0,17300.0,C,50,100
43,39,19,19,0,1,4500.0,13495.0,0.0,17995.0,C,50,100
44,20,19,19,0,1,4500.0,13595.0,0.0,18095.0,C,50,100
45,98,22,22,0,0,4500.0,14085.0,0.0,18585.0,C,50,100
46,80,18,18,0,0,4500.0,14485.0,0.0,18985.0,C,50,100
47,61,19,19,0,0,4500.0,14790.0,0.0,19290.0,C,50,100
48,43,18,18,0,1,5000.0,15005.0,0.0,20005.0,C,50,100
49,27,16,16,0,1,5000.0,15140.0,0.0,20140.0,C,50,100
50,105,22,22,0,0,5000.0,15665.0,0.0,20665.0,C,50,100
51,80,25,25,0,0,5000.0,16065.0,0.0,21065.0,C,50,100
52,60,20,20,0,0,5000.0,16365.0,0.0,21365.0,C,50,100
53,45,15,15,0,1,5500.0,16590.0,0.0,22090.0,C,50,100
54,27,18,18,0,1,5500.0,16725.0,0.0,22225.0,C,50,100
55,101,26,26,0,0,5500.0,17230.0,0.0,22730.0,C,50,100
56,80,21,21,0,0,5500.0,17630.0,0.0,23130.0,C,50,100
57,59,21,21,0,0,5500.0,17925.0,0.0,23425.0,C,50,100
58,47,12,12,0,1,6000.0,18160.0,0.0,24160.0,C,50,100
59,33,14,14,0,1,6000.0,18325.0,0.0,24325.0,C,50,100
60,109,24,24,0,0,6000.0,18870.0,0.0,24870.0,C,50,100
61,98,11,11,0,0,6000.0,19360.0,0.0,25360.0,C,50,100
62,71,27,27,0,0,6000.0,19715.0,0.0,25715.0,C,50,100
63,41,30,30,0,1,6500.0,19920.0,0.0,26420.0,C,50,100
64,29,12,12,0,1,6500.0,20065.0,0.0,26565.0,C,50,100
65,112,17,17,0,0,6500.0,20625.0,0.0,27125.0,C,50,100
66,86,26,26,0,0,6500.0,21055.0,0.0,27555.0,C,50,100
67,62,24,24,0,0,6500.0,21365.0,0.0,27865.0,C,50,100
68,45,17,17,0,1,7000.0,21590.0,0.0,28590.0,C,50,100
69,27,18,18,0,1,7000.0,21725.0,0.0,28725.0,C,50,100
70,99,28,28,0,0,7000.0,22220.0,0.0,29220.0,C,50,100
71,76,23,23,0,0,7000.0,22600.0,0.0,29600.0,C,50,100
72,59,17,17,0,0,7000.0,22895.0,0.0,29895.0,C,50,100
73,37,22,22,0,1,7500.0,23080.0,0.0,30580.0,C,50,100
74,19,18,18,0,1,7500.0,23175.0,0.0,30675.0,C,50,100
75,106,13,13,0,0,7500.0,23705.0,0.0,31205.0,C,50,100
76,83,23,23,0,0,7500.0,24120.0,0.0,31620.0,C,50,100
77,59,24,24,0,0,7500.0,24415.0,0.0,31915.0,C,50,100
78,36,23,23,0,1,8000.0,24595.0,0.0,32595.0,C,50,100
79,13,23,23,0,1,8000.0,24660.0,0.0,32660.0,C,50,100
80,96,17,17,0,0,8000.0,25140.0,0.0,33140.0,C,50,100
81,79,17,17,0,0,8000.0,25535.0,0.0,33535.0,C,50,100
82,54,25,25,0,0,8000.0,25805.0,0.0,33805.0,C,50,100
83,36,18,18,0,1,8500.0,25985.0,0.0,34485.0,C,50,100
84,16,20,20,0,1,8500.0,26065.0,0.0,34565.0,C,50,100
85,95,21,21,0,0,8500.0,26540.0,0.0,35040.0,C,50,100
86,76,19,19,0,0,8500.0,26920.0,0.0,35420.0,C,50,100
87,61,15,15,0,0,8500.0,27225.0,0.0,35725.0,C,50,100
88,34,27,27,0,1,9000.0,27395.0,0.0,36395.0,C,50,100
89,8,26,26,0,1,9000.0,27435.0,0.0,36435.0,C,50,100
90,85,23,23,0,0,9000.0,27860.0,0.0,36860.0,C,50,100
91,70,15,15,0,0,9000.0,28210.0,0.0,37210.0,C,50,100
92,52,18,18,0,0,9000.0,28470.0,0.0,37470.0,C,50,100
93,40,12,12,0,1,9500.0,28670.0,0.0,38170.0,C,50,100
94,15,25,25,0,1,9500.0,28745.0,0.0,38245.0,C,50,100
95,102,13,13,0,0,9500.0,29255.0,0.0,38755.0,C,50,100
96,86,16,16,0,0,9500.0,29685.0,0.0,39185.0,C,50,100
97,64,22,22,0,0,9500.0,30005.0,0.0,39505.0,C,50,100
98,48,16,16,0,1,10000.0,30245.0,0.0,40245.0,C,50,100
99,26,22,22,0,1,10000.0,30375.0,0.0,40375.0,C,50,100
100,99,27,27,0,0,10000.0,30870.0,0.0,40870.0,C,50,100
101,76,23,23,0,0,10000.0,31250.0,0.0,41250.0,C,50,100
102,48,28,28,0,1,10500.0,31490.0,0.0,41990.0,C,50,100
103,23,25,25,0,1,10500.0,31605.0,0.0,42105.0,C,50,100
104,108,15,15,0,0,10500.0,32145.0,0.0,42645.0,C,50,100
105,85,23,23,0,0,10500.0,32570.0,0.0,43070.0,C,50,100
106,62,23,23,0,0,10500.0,32880.0,0.0,43380.0,C,50,100
107,49,13,13,0,1,11000.0,33125.0,0.0,44125.0,C,50,100
108,25,24,24,0,1,11000.0,33250.0,0.0,44250.0,C,50,100
109,105,20,20,0,0,11000.0,33775.0,0.0,44775.0,C,50,100
110,84,21,21,0,0,11000.0,34195.0,0.0,45195.0,C,50,100
111,69,15,15,0,0,11000.0,34540.0,0.0,45540.0,C,50,100
112,56,13,13,0,0,11000.0,34820.0,0.0,45820.0,C,50,100
113,36,20,20,0,1,11500.0,35000.0,0.0,46500.0,C,50,100
114,12,24,24,0,1,11500.0,35060.0,0.0,46560.0,C,50,100
115,92,20,20,0,0,11500.0,35520.0,0.0,47020.0,C,50,100
116,76,16,16,0,0,11500.0,35900.0,0.0,47400.0,C,50,100
117,52,24,24,0,0,11500.0,36160.0,0.0,47660.0,C,50,100
118,36,16,16,0,1,12000.0,36340.0,0.0,48340.0,C,50,100
119,20,16,16,0,1,12000.0,36440.0,0.0,48440.0,C,50,100
120,100,20,20,0,0,12000.0,36940.0,0.0,48940.0,C,50,100
121,83,17,17,0,0,12000.0,37355.0,0.0,49355.0,C,50,100
122,61,22,22,0,0,12000.0,37660.0,0.0,49660.0,C,50,100
123,46,15,15,0,1,12500.0,37890.0,0.0,50390.0,C,50,100
124,28,18,18,0,1,12500.0,38030.0,0.0,50530.0,C,50,100
125,104,24,24,0,0,12500.0,38550.0,0.0,51050.0,C,50,100
126,86,18,18,0,0,12500.0,38980.0,0.0,51480.0,C,50,100
127,68,18,18,0,0,12500.0,39320.0,0.0,51820.0,C,50,100
128,54,14,14,0,0,12500.0,39590.0,0.0,52090.0,C,50,100
129,39,15,15,0,1,13000.0,39785.0,0.0,52785.0,C,50,100
130,22,17,17,0,1,13000.0,39895.0,0.0,52895.0,C,50,100
131,101,21,21,0,0,13000.0,40400.0,0.0,53400.0,C,50,100
132,86,15,15,0,0,13000.0,40830.0,0.0,53830.0,C,50,100
133,57,29,29,0,0,13000.0,41115.0,0.0,54115.0,C,50,100
134,38,19,19,0,1,13500.0,41305.0,0.0,54805.0,C,50,100
135,23,15,15,0,1,13500.0,41420.0,0.0,54920.0,C,50,100
136,106,17,17,0,0,13500.0,41950.0,0.0,55450.0,C,50,100
137,91,15,15,0,0,13500.0,42405.0,0.0,55905.0,C,50,100
138,74,17,17,0,0,13500.0,42775.0,0.0,56275.0,C,50,100
139,60,14,14,0,0,13500.0,43075.0,0.0,56575.0,C,50,100
140,40,20,20,0,1,14000.0,43275.0,0.0,57275.0,C,50,100
141,14,26,26,0,1,14000.0,43345.0,0.0,57345.0,C,50,100
142,96,18,18,0,0,14000.0,43825.0,0.0,57825.0,C,50,100
143,74,22,22,0,0,14000.0,44195.0,0.0,58195.0,C,50,100
144,61,13,13,0,0,14000.0,44500.0,0.0,58500.0,C,50,100
145,47,14,14,0,1,14500.0,44735.0,0.0,59235.0,C,50,100
146,26,21,21,0,1,14500.0,44865.0,0.0,59365.0,C,50,100
147,110,16,16,0,0,14500.0,45415.0,0.0,59915.0,C,50,100
148,92,18,18,0,0,14500.0,45875.0,0.0,60375.0,C,50,100
149,60,32,32,0,0,14500.0,46175.0,0.0,60675.0,C,50,100
150,37,23,23,0,1,15000.0,46360.0,0.0,61360.0,C,50,100
151,16,21,21,0,1,15000.0,46440.0,0.0,61440.0,C,50,100
152,97,19,19,0,0,15000.0,46925.0,0.0,61925.0,C,50,100
153,74,23,23,0,0,15000.0,47295.0,0.0,62295.0,C,50,100
154,61,13,13,0,0,15000.0,47600.0,0.0,62600.0,C,50,100
155,43,18,18,0,1,15500.0,47815.0,0.0,63315.0,C,50,100
156,18,25,25,0,1,15500.0,47905.0,0.0,63405.0,C,50,100
157,103,15,15,0,0,15500.0,48420.0,0.0,63920.0,C,50,100
158,82,21,21,0,0,15500.0,48830.0,0.0,64330.0,C,50,100
159,62,20,20,0,0,15500.0,49140.0,0.0,64640.0,C,50,100
160,46,16,16,0,1,16000.0,49370.0,0.0,65370.0,C,50,100
161,26,20,20,0,1,16000.0,49500.0,0.0,65500.0,C,50,100
162,111,15,15,0,0,16000.0,50055.0,0.0,66055.0,C,50,100
163,91,20,20,0,0,16000.0,50510.0,0.0,66510.0,C,50,100
164,68,23,23,0,0,16000.0,50850.0,0.0,66850.0,C,50,100
165,54,14,14,0,0,16000.0,51120.0,0.0,67120.0,C,50,100
166,35,19,19,0,1,16500.0,51295.0,0.0,67795.0,C,50,100
167,22,13,13,0,1,16500.0,51405.0,0.0,67905.0,C,50,100
168,106,16,16,0,0,16500.0,51935.0,0.0,68435.0,C,50,100
169,85,21,21,0,0,16500.0,52360.0,0.0,68860.0,C,50,100
170,71,14,14,0,0,16500.0,52715.0,0.0,69215.0,C,50,100
171,45,26,26,0,1,17000.0,52940.0,0.0,69940.0,C,50,100
172,22,23,23,0,1,17000.0,53050.0,0.0,70050.0,C,50,100
173,110,12,12,0,0,17000.0,53600.0,0.0,70600.0,C,50,100
174,93,17,17,0,0,17000.0,54065.0,0.0,71065.0,C,50,100
175,82,11,11,0,0,17000.0,54475.0,0.0,71475.0,C,50,100
176,64,18,18,0,0,17000.0,54795.0,0.0,71795.0,C,50,100
177,41,23,23,0,1,17500.0,55000.0,0.0,72500.0,C,50,100
178,23,18,18,0,1,17500.0,55115.0,0.0,72615.0,C,50,100
179,107,16,16,0,0,17500.0,55650.0,0.0,73150.0,C,50,100
180,81,26,26,0,0,17500.0,56055.0,0.0,73555.0,C,50,100
181,59,22,22,0,0,17500.0,56350.0,0.0,73850.0,C,50,100
182,35,24,24,0,1,18000.0,56525.0,0.0,74525.0,C,50,100
183,10,25,25,0,1,18000.0,56575.0,0.0,74575.0,C,50,100
184,87,23,23,0,0,18000.0,57010.0,0.0,75010.0,C,50,100
185,69,18,18,0,0,18000.0,57355.0,0.0,75355.0,C,50,100
186,55,14,14,0,0,18000.0,57630.0,0.0,75630.0,C,50,100
187,35,20,20,0,1,18500.0,57805.0,0.0,76305.0,C,50,100
188,21,14,14,0,1,18500.0,57910.0,0.0,76410.0,C,50,100
189,108,13,13,0,0,18500.0,58450.0,0.0,76950.0,C,50,100
190,92,16,16,0,0,18500.0,58910.0,0.0,77410.0,C,50,100
191,70,22,22,0,0,18500.0,59260.0,0.0,77760.0,C,50,100
192,53,17,17,0,0,18500.0,59525.0,0.0,78025.0,C,50,100
193,32,21,21,0,1,19000.0,59685.0,0.0,78685.0,C,50,100
194,20,12,12,0,1,19000.0,59785.0,0.0,78785.0,C,50,100
195,102,18,18,0,0,19000.0,60295.0,0.0,79295.0,C,50,100
196,81,21,21,0,0,19000.0,60700.0,0.0,79700.0,C,50,100
197,69,12,12,0,0,19000.0,61045.0,0.0,80045.0,C,50,100
198,54,15,15,0,0,19000.0,61315.0,0.0,80315.0,C,50,100
199,32,22,22,0,1,19500.0,61475.0,0.0,80975.0,C,50,100
200,5,27,27,0,1,19500.0,61500.0,0.0,81000.0,C,50,100
201,83,22,22,0,0,19500.0,61915.0,0.0,81415.0,C,50,100
202,67,16,16,0,0,19500.0,62250.0,0.0,81750.0,C,50,100
203,48,19,19,0,1,20000.0,62490.0,0.0,82490.0,C,50,100
204,29,19,19,0,1,20000.0,62635.0,0.0,82635.0,C,50,100
205,110,19,19,0,0,20000.0,63185.0,0.0,83185.0,C,50,100
206,91,19,19,0,0,20000.0,63640.0,0.0,83640.0,C,50,100
207,68,23,23,0,0,20000.0,63980.0,0.0,83980.0,C,50,100
208,45,23,23,0,1,20500.0,64205.0,0.0,84705.0,C,50,100
209,23,22,22,0,1,20500.0,64320.0,0.0,84820.0,C,50,100
210,102,21,21,0,0,20500.0,64830.0,0.0,85330.0,C,50,100
211,81,21,21,0,0,20500.0,65235.0,0.0,85735.0,C,50,100
212,65,16,16,0,0,20500.0,65560.0,0.0,86060.0,C,50,100
213,47,18,18,0,1,21000.0,65795.0,0.0,86795.0,C,50,100
214,29,18,18,0,1,21000.0,65940.0,0.0,86940.0,C,50,100
215,98,31,31,0,0,21000.0,66430.0,0.0,87430.0,C,50,100
216,81,17,17,0,0,21000.0,66835.0,0.0,87835.0,C,50,100
217,62,19,19,0,0,21000.0,67145.0,0.0,88145.0,C,50,100
218,42,20,20,0,1,21500.0,67355.0,0.0,88855.0,C,50,100
219,26,16,16,0,1,21500.0,67485.0,0.0,88985.0,C,50,100
220,107,19,19,0,0,21500.0,68020.0,0.0,89520.0,C,50,100
221,90,17,17,0,0,21500.0,68470.0,0.0,89970.0,C,50,100
222,64,26,26,0,0,21500.0,68790.0,0.0,90290.0,C,50,100
223,44,20,20,0,1,22000.0,69010.0,0.0,91010.0,C,50,100
224,27,17,17,0,1,22000.0,69145.0,0.0,91145.0,C,50,100
225,107,20,20,0,0,22000.0,69680.0,0.0,91680.0,C,50,100
226,88,19,19,0,0,22000.0,70120.0,0.0,92120.0,C,50,100
227,64,24,24,0,0,22000.0,70440.0,0.0,92440.0,C,50,100
228,41,23,23,0,1,22500.0,70645.0,0.0,93145.0,C,50,100
229,11,30,30,0,1,22500.0,70700.0,0.0,93200.0,C,50,100
230,88,23,23,0,0,22500.0,71140.0,0.0,93640.0,C,50,100
231,63,25,25,0,0,22500.0,71455.0,0.0,93955.0,C,50,100
232,44,19,19,0,1,23000.0,71675.0,0.0,94675.0,C,50,100
233,27,17,17,0,1,23000.0,71810.0,0.0,94810.0,C,50,100
234,107,20,20,0,0,23000.0,72345.0,0.0,95345.0,C,50,100
235,79,28,28,0,0,23000.0,72740.0,0.0,95740.0,C,50,100
236,67,12,12,0,0,23000.0,73075.0,0.0,96075.0,C,50,100
237,41,26,26,0,1,23500.0,73280.0,0.0,96780.0,C,50,100
238,23,18,18,0,1,23500.0,73395.0,0.0,96895.0,C,50,100
239,103,20,20,0,0,23500.0,73910.0,0.0,97410.0,C,50,100
240,86,17,17,0,0,23500.0,74340.0,0.0,97840.0,C,50,100
241,71,15,15,0,0,23500.0,74695.0,0.0,98195.0,C,50,100
242,59,12,12,0,0,23500.0,74990.0,0.0,98490.0,C,50,100
243,35,24,24,0,1,24000.0,75165.0,0.0,99165.0,C,50,100
244,18,17,17,0,1,24000.0,75255.0,0.0,99255.0,C,50,100
245,101,17,17,0,0,24000.0,75760.0,0.0,99760.0,C,50,100
246,81,20,20,0,0,24000.0,76165.0,0.0,100165.0,C,50,100
247,63,18,18,0,0,24000.0,76480.0,0.0,100480.0,C,50,100
248,39,24,24,0,1,24500.0,76675.0,0.0,101175.0,C,50,100
249,16,23,23,0,1,24500.0,76755.0,0.0,101255.0,C,50,100
250,98,18,18,0,0,24500.0,77245.0,0.0,101745.0,C,50,100
251,79,19,19,0,0,24500.0,77640.0,0.0,102140.0,C,50,100
252,64,15,15,0,0,24500.0,77960.0,0.0,102460.0,C,50,100
253,38,26,26,0,1,25000.0,78150.0,0.0,103150.0,C,50,100
254,19,19,19,0,1,25000.0,78245.0,0.0,103245.0,C,50,100
255,99,20,20,0,0,25000.0,78740.0,0.0,103740.0,C,50,100
256,81,18,18,0,0,25000.0,79145.0,0.0,104145.0,C,50,100
257,58,23,23,0,0,25000.0,79435.0,0.0,104435.0,C,50,100
258,31,27,27,0,1,25500.0,79590.0,0.0,105090.0,C,50,100
259,10,21,21,0,1,25500.0,79640.0,0.0,105140.0,C,50,100
260,89,21,21,0,0,25500.0,80085.0,0.0,105585.0,C,50,100
261,74,15,15,0,0,25500.0,80455.0,0.0,105955.0,C,50,100
262,52,22,22,0,0,25500.0,80715.0,0.0,106215.0,C,50,100
263,31,21,21,0,1,26000.0,80870.0,0.0,106870.0,C,50,100
264,10,21,21,0,1,26000.0,80920.0,0.0,106920.0,C,50,100
265,97,13,13,0,0,26000.0,81405.0,0.0,107405.0,C,50,100
266,79,18,18,0,0,26000.0,81800.0,0.0,107800.0,C,50,100
267,57,22,22,0,0,26000.0,82085.0,0.0,108085.0,C,50,100
268,42,15,15,0,1,26500.0,82295.0,0.0,108795.0,C,50,100
269,30,12,12,0,1,26500.0,82445.0,0.0,108945.0,C,50,100
270,111,19,19,0,0,26500.0,83000.0,0.0,109500.0,C,50,100
271,85,26,26,0,0,26500.0,83425.0,0.0,109925.0,C,50,100
272,69,16,16,0,0,26500.0,83770.0,0.0,110270.0,C,50,100
273,54,15,15,0,0,26500.0,84040.0,0.0,110540.0,C,50,100
274,34,20,20,0,1,27000.0,84210.0,0.0,111210.0,C,50,100
275,13,21,21,0,1,27000.0,84275.0,0.0,111275.0,C,50,100
276,99,14,14,0,0,27000.0,84770.0,0.0,111770.0,C,50,100
277,78,21,21,0,0,27000.0,85160.0,0.0,112160.0,C,50,100
278,61,17,17,0,0,27000.0,85465.0,0.0,112465.0,C,50,100
279,45,16,16,0,1,27500.0,85690.0,0.0,113190.0,C,50,100
280,24,21,21,0,1,27500.0,85810.0,0.0,113310.0,C,50,100
281,98,26,26,0,0,27500.0,86300.0,0.0,113800.0,C,50,100
282,80,18,18,0,0,27500.0,86700.0,0.0,114200.0,C,50,100
283,63,17,17,0,0,27500.0,87015.0,0.0,114515.0,C,50,100
284,43,20,20,0,1,28000.0,87230.0,0.0,115230.0,C,50,100
285,24,19,19,0,1,28000.0,87350.0,0.0,115350.0,C,50,100
286,112,12,12,0,0,28000.0,87910.0,0.0,115910.0,C,50,100
287,90,22,22,0,0,28000.0,88360.0,0.0,116360.0,C,50,100
288,66,24,24,0,0,28000.0,88690.0,0.0,116690.0,C,50,100
289,46,20,20,0,1,28500.0,88920.0,0.0,117420.0,C,50,100
290,24,22,22,0,1,28500.0,89040.0,0.0,117540.0,C,50,100
291,102,22,22,0,0,28500.0,89550.0,0.0,118050.0,C,50,100
292,77,25,25,0,0,28500.0,89935.0,0.0,118435.0,C,50,100
293,52,25,25,0,0,28500.0,90195.0,0.0,118695.0,C,50,100
294,27,25,25,0,1,29000.0,90330.0,0.0,119330.0,C,50,100
295,13,14,14,0,1,29000.0,90395.0,0.0,119395.0,C,50,100
296,99,14,14,0,0,29000.0,90890.0,0.0,119890.0,C,50,100
297,80,19,19,0,0,29000.0,91290.0,0.0,120290.0,C,50,100
298,64,16,16,0,0,29000.0,91610.0,0.0,120610.0,C,50,100
299,50,14,14,0,1,29500.0,91860.0,0.0,121360.0,C,50,100
300,33,17,17,0,1,29500.0,92025.0,0.0,121525.0,C,50,100
301,117,16,16,0,0,29500.0,92610.0,0.0,122110.0,C,50,100
302,95,22,22,0,0,29500.0,93085.0,0.0,122585.0,C,50,100
303,73,22,22,0,0,29500.0,93450.0,0.0,122950.0,C,50,100
304,47,26,26,0,1,30000.0,93685.0,0.0,123685.0,C,50,100
305,29,18,18,0,1,30000.0,93830.0,0.0,123830.0,C,50,100
306,110,19,19,0,0,30000.0,94380.0,0.0,124380.0,C,50,100
307,91,19,19,0,0,30000.0,94835.0,0.0,124835.0,C,50,100
308,70,21,21,0,0,30000.0,95185.0,0.0,125185.0,C,50,100
309,46,24,24,0,1,30500.0,95415.0,0.0,125915.0,C,50,100
310,28,18,18,0,1,30500.0,95555.0,0.0,126055.0,C,50,100
311,108,20,20,0,0,30500.0,96095.0,0.0,126595.0,C,50,100
312,92,16,16,0,0,30500.0,96555.0,0.0,127055.0,C,50,100
313,69,23,23,0,0,30500.0,96900.0,0.0,127400.0,C,50,100
314,51,18,18,0,0,30500.0,97155.0,0.0,127655.0,C,50,100
315,30,21,21,0,1,31000.0,97305.0,0.0,128305.0,C,50,100
316,6,24,24,0,1,31000.0,97335.0,0.0,128335.0,C,50,100
317,90,16,16,0,0,31000.0,97785.0,0.0,128785.0,C,50,100
318,76,14,14,0,0,31000.0,98165.0,0.0,129165.0,C,50,100
319,51,25,25,0,0,31000.0,98420.0,0.0,129420.0,C,50,100
320,30,21,21,0,1,31500.0,98570.0,0.0,130070.0,C,50,100
321,1,29,29,0,1,31500.0,98575.0,0.0,130075.0,C,50,100
322,82,19,19,0,0,31500.0,98985.0,0.0,130485.0,C,50,100
323,62,20,20,0,0,31500.0,99295.0,0.0,130795.0,C,50,100
324,50,12,12,0,1,32000.0,99545.0,0.0,131545.0,C,50,100
325,25,25,25,0,1,32000.0,99670.0,0.0,131670.0,C,50,100
326,103,22,22,0,0,32000.0,100185.0,0.0,132185.0,C,50,100
327,85,18,18,0,0,32000.0,100610.0,0.0,132610.0,C,50,100
328,72,13,13,0,0,32000.0,100970.0,0.0,132970.0,C,50,100
329,57,15,15,0,0,32000.0,101255.0,0.0,133255.0,C,50,100
330,31,26,26,0,1,32500.0,101410.0,0.0,133910.0,C,50,100
331,14,17,17,0,1,32500.0,101480.0,0.0,133980.0,C,50,100
332,95,19,19,0,0,32500.0,101955.0,0.0,134455.0,C,50,100
333,71,24,24,0,0,32500.0,102310.0,0.0,134810.0,C,50,100
334,52,19,19,0,0,32500.0,102570.0,0.0,135070.0,C,50,100
335,33,19,19,0,1,33000.0,102735.0,0.0,135735.0,C,50,100
336,14,19,19,0,1,33000.0,102805.0,0.0,135805.0,C,50,100
337,90,24,24,0,0,33000.0,103255.0,0.0,136255.0,C,50,100
338,66,24,24,0,0,33000.0,103585.0,0.0,136585.0,C,50,100
339,44,22,22,0,1,33500.0,103805.0,0.0,137305.0,C,50,100
340,21,23,23,0,1,33500.0,103910.0,0.0,137410.0,C,50,100
341,105,16,16,0,0,33500.0,104435.0,0.0,137935.0,C,50,100
342,81,24,24,0,0,33500.0,104840.0,0.0,138340.0,C,50,100
343,61,20,20,0,0,33500.0,105145.0,0.0,138645.0,C,50,100
344,44,17,17,0,1,34000.0,105365.0,0.0,139365.0,C,50,100
345,27,17,17,0,1,34000.0,105500.0,0.0,139500.0,C,50,100
346,104,23,23,0,0,34000.0,106020.0,0.0,140020.0,C,50,100
347,81,23,23,0,0,34000.0,106425.0,0.0,140425.0,C,50,100
348,66,15,15,0,0,34000.0,106755.0,0.0,140755.0,C,50,100
349,48,18,18,0,1,34500.0,106995.0,0.0,141495.0,C,50,100
350,29,19,19,0,1,34500.0,107140.0,0.0,141640.0,C,50,100
351,118,11,11,0,0,34500.0,107730.0,0.0,142230.0,C,50,100
352,97,21,21,0,0,34500.0,108215.0,0.0,142715.0,C,50,100
353,73,24,24,0,0,34500.0,108580.0,0.0,143080.0,C,50,100
354,59,14,14,0,0,34500.0,108875.0,0.0,143375.0,C,50,100
355,36,23,23,0,1,35000.0,109055.0,0.0,144055.0,C,50,100
356,19,17,17,0,1,35000.0,109150.0,0.0,144150.0,C,50,100
357,96,23,23,0,0,35000.0,109630.0,0.0,144630.0,C,50,100
358,78,18,18,0,0,35000.0,110020.0,0.0,145020.0,C,50,100
359,58,20,20,0,0,35000.0,110310.0,0.0,145310.0,C,50,100
360,48,10,10,0,1,35500.0,110550.0,0.0,146050.0,C,50,100
361,25,23,23,0,1,35500.0,110675.0,0.0,146175.0,C,50,100
362,106,19,19,0,0,35500.0,111205.0,0.0,146705.0,C,50,100
363,86,20,20,0,0,35500.0,111635.0,0.0,147135.0,C,50,100
364,66,20,20,0,0,35500.0,111965.0,0.0,147465.0,C,50,100
365,42,24,24,0,1,36000.0,112175.0,0.0,148175.0,C,50,100
