modelo,tipo_cola,tamano_cola,capacidad_total,corrida,lambda,mu,lambda_sobre_mu,L,Lq,W,Wq,utilizacion,prob_denegacion,llegadas,aceptados,denegados,completados
MM1,infinita,infinita,infinita,1,2.5,10.0,0.25,0.31383552157707656,0.06295363440347257,0.1278249801639795,0.025643028270253596,0.25088188717360393,0.0,492,492,0,491
MM1,infinita,infinita,infinita,2,2.5,10.0,0.25,0.3462816493679757,0.11495059530407169,0.14041815609075853,0.04566060704565442,0.231331054063904,0.0,491,491,0,488
MM1,infinita,infinita,infinita,3,2.5,10.0,0.25,0.31145708115373133,0.06585163757256333,0.12359407982290925,0.02613160221133466,0.245605443581168,0.0,504,504,0,504
MM1,infinita,infinita,infinita,4,2.5,10.0,0.25,0.2963254870734571,0.06596367620211771,0.11758947899740359,0.026176061984967344,0.23036181087133933,0.0,504,504,0,504
MM1,infinita,infinita,infinita,5,2.5,10.0,0.25,0.3536524734371626,0.08785653359130664,0.14553599729924388,0.03615495209518792,0.265795939845856,0.0,486,486,0,486
MM1,infinita,infinita,infinita,6,2.5,10.0,0.25,0.3019567274035393,0.07987733604364096,0.13450188303052973,0.03558010514193361,0.22207939135989832,0.0,449,449,0,449
MM1,infinita,infinita,infinita,7,2.5,10.0,0.25,0.3292173303895523,0.08820999747518368,0.1363218759377028,0.036525878871711666,0.24100733291436868,0.0,483,483,0,483
MM1,infinita,infinita,infinita,8,2.5,10.0,0.25,0.2942656739139905,0.06543926907227052,0.13367445400174496,0.029745122305577507,0.22882640484172,0.0,441,441,0,440
MM1,infinita,infinita,infinita,9,2.5,10.0,0.25,0.38020861366051006,0.11715055102910948,0.1508764339922659,0.046488313900440274,0.26305806263140064,0.0,504,504,0,504
MM1,infinita,infinita,infinita,10,2.5,10.0,0.25,0.3330726275315654,0.07638255187616565,0.13430347884337315,0.030799416079099053,0.2566900756553998,0.0,496,496,0,496
MM1,infinita,infinita,infinita,1,5.0,10.0,0.5,0.9039640915129828,0.4174419320602991,0.18911382667635623,0.08733094812976969,0.48652215945268373,0.0,956,956,0,956
MM1,infinita,infinita,infinita,2,5.0,10.0,0.5,0.9075552966944987,0.40543270274762544,0.18007049537589262,0.0804429965769098,0.5021225939468734,0.0,1008,1008,0,1008
MM1,infinita,infinita,infinita,3,5.0,10.0,0.5,0.9860721364720088,0.4864017987789013,0.1924043193116115,0.09490766805441976,0.49967033769310776,0.0,1025,1025,0,1025
MM1,infinita,infinita,infinita,4,5.0,10.0,0.5,1.0007828065172697,0.49907096193276457,0.1947694283811445,0.0970999211952976,0.5017118445845054,0.0,1029,1029,0,1027
MM1,infinita,infinita,infinita,5,5.0,10.0,0.5,0.976471294370043,0.4769293592920464,0.19568563013427712,0.09557702591022973,0.499541935077996,0.0,998,998,0,998
MM1,infinita,infinita,infinita,6,5.0,10.0,0.5,1.034662224984614,0.5199433701357269,0.20854433671119924,0.10447555507949693,0.5147188548488866,0.0,991,991,0,988
MM1,infinita,infinita,infinita,7,5.0,10.0,0.5,0.8643505166138046,0.38714704654265986,0.1802969931053625,0.08057717345218163,0.4772034700711447,0.0,958,958,0,956
MM1,infinita,infinita,infinita,8,5.0,10.0,0.5,0.9470583600254596,0.4465066394811044,0.1863143799803825,0.08777155612291875,0.5005517205443553,0.0,1017,1017,0,1015
MM1,infinita,infinita,infinita,9,5.0,10.0,0.5,1.0528367850003528,0.5582430631198299,0.20974117553170898,0.11088699521138459,0.49459372188052286,0.0,1004,1004,0,1000
MM1,infinita,infinita,infinita,10,5.0,10.0,0.5,0.9815937269703591,0.46716439647098895,0.18990438624611808,0.09037589716952973,0.5144293304993702,0.0,1034,1034,0,1032
MM1,infinita,infinita,infinita,1,7.5,10.0,0.75,4.112535820275257,3.345748288156326,0.5538603573531364,0.45060583005472465,0.7667875321189264,0.0,1486,1486,0,1485
MM1,infinita,infinita,infinita,2,7.5,10.0,0.75,2.3943287943777243,1.6689251773450633,0.3216022557928438,0.22416725014708708,0.725403617032662,0.0,1489,1489,0,1489
MM1,infinita,infinita,infinita,3,7.5,10.0,0.75,2.8957226410612202,2.1530207601313123,0.3826689931883405,0.2842905903251459,0.7427018809299142,0.0,1513,1513,0,1509
MM1,infinita,infinita,infinita,4,7.5,10.0,0.75,3.0899863007878103,2.338602761323232,0.40297793602999066,0.30495690543928783,0.751383539464566,0.0,1535,1535,0,1533
MM1,infinita,infinita,infinita,5,7.5,10.0,0.75,2.5322902524912765,1.7776327076214629,0.34731265439168235,0.24380214554674856,0.754657544869817,0.0,1459,1459,0,1458
MM1,infinita,infinita,infinita,6,7.5,10.0,0.75,2.797932781818016,2.0606957123611163,0.373551163799713,0.27512626333259277,0.7372370694568977,0.0,1499,1499,0,1498
MM1,infinita,infinita,infinita,7,7.5,10.0,0.75,3.047514080212589,2.2507709672569103,0.39020666840109974,0.28819090489845234,0.7967431129556745,0.0,1562,1562,0,1562
MM1,infinita,infinita,infinita,8,7.5,10.0,0.75,3.51334276362506,2.747797741177466,0.45125305255461406,0.35293786298796703,0.7655450224476009,0.0,1558,1558,0,1557
MM1,infinita,infinita,infinita,9,7.5,10.0,0.75,2.519704489902291,1.7890602895787082,0.33836020930650945,0.24025605111375198,0.7306442003235822,0.0,1490,1490,0,1489
MM1,infinita,infinita,infinita,10,7.5,10.0,0.75,2.2947066242537852,1.5941557144500778,0.3132254872131248,0.21755261305527313,0.7005509098037114,0.0,1467,1467,0,1463
MM1,infinita,infinita,infinita,1,10.0,10.0,1.0,49.9415170601932,48.94474751447761,4.886198278976968,4.7861806377112766,0.9967695457156703,0.0,2065,2065,0,1993
MM1,infinita,infinita,infinita,2,10.0,10.0,1.0,18.96864057166903,17.98740200343916,1.9020392895943836,1.8002379518352467,0.9812385682298683,0.0,1969,1969,0,1926
MM1,infinita,infinita,infinita,3,10.0,10.0,1.0,42.28965617380637,41.317313045910936,4.119912285041974,4.020782400975492,0.9723431278955011,0.0,2049,2049,0,1957
MM1,infinita,infinita,infinita,4,10.0,10.0,1.0,17.96902462250421,16.993149778007034,1.7570856274271758,1.6595294042163926,0.9758748444971735,0.0,2036,2036,0,1996
MM1,infinita,infinita,infinita,5,10.0,10.0,1.0,66.70374339535256,65.72379594003613,6.86190808715257,6.759916274708347,0.9799474553164431,0.0,1974,1974,0,1921
MM1,infinita,infinita,infinita,6,10.0,10.0,1.0,42.30368477701632,41.33085622981719,4.030170862935415,3.9268833412025885,0.9728285471991888,0.0,2008,2008,0,1883
MM1,infinita,infinita,infinita,7,10.0,10.0,1.0,57.766372518996214,56.78007557106744,5.707334902800441,5.607849424670512,0.9862969479288627,0.0,2042,2042,0,1982
MM1,infinita,infinita,infinita,8,10.0,10.0,1.0,57.487323436832924,56.504076107989995,5.406862913866351,5.306021280001927,0.9832473288427944,0.0,2083,2083,0,1948
MM1,infinita,infinita,infinita,9,10.0,10.0,1.0,39.01699583033834,38.034777898081074,4.004523059780676,3.900147956221716,0.9822179322571568,0.0,1954,1954,0,1881
MM1,infinita,infinita,infinita,10,10.0,10.0,1.0,17.92322713758755,16.975034875361573,1.824915150070633,1.7283544302666305,0.9481922622259452,0.0,1973,1973,0,1962
MM1,infinita,infinita,infinita,1,12.5,10.0,1.25,281.4702430690667,280.47148231810564,22.508355845421907,22.406400310571033,0.9987607509612837,0.0,2499,2499,0,1958
MM1,infinita,infinita,infinita,2,12.5,10.0,1.25,245.31129300583103,244.3114047483136,19.96691514332483,19.868064649743253,0.9998882575180568,0.0,2471,2471,0,2023
MM1,infinita,infinita,infinita,3,12.5,10.0,1.25,231.85929893311703,230.86264989560644,19.272173964237,19.17173643849302,0.9966490375103674,0.0,2426,2426,0,1982
MM1,infinita,infinita,infinita,4,12.5,10.0,1.25,240.89946495737698,239.9005068939674,19.012995835858547,18.913724746184734,0.9989580634103521,0.0,2521,2521,0,2011
MM1,infinita,infinita,infinita,5,12.5,10.0,1.25,207.1059823162677,206.10825911783405,16.72735230660719,16.627351338405184,0.9977231984335094,0.0,2447,2447,0,1993
MM1,infinita,infinita,infinita,6,12.5,10.0,1.25,234.95801317268015,233.9582559587075,18.543394545555152,18.444573388090348,0.9997572139725159,0.0,2508,2508,0,2023
MM1,infinita,infinita,infinita,7,12.5,10.0,1.25,189.46012411558075,188.46428215558103,15.274774191604648,15.177005530002985,0.9958419599999984,0.0,2447,2447,0,2036
MM1,infinita,infinita,infinita,8,12.5,10.0,1.25,251.43688864675823,250.43738432055815,21.01136753241302,20.913153424457803,0.9995043261997796,0.0,2472,2472,0,2033
MM1,infinita,infinita,infinita,9,12.5,10.0,1.25,296.2546509263234,295.2554496682707,22.23636175650319,22.13792903492053,0.9992012580529394,0.0,2644,2644,0,2030
MM1,infinita,infinita,infinita,10,12.5,10.0,1.25,321.25774854720055,320.2590469212106,26.011871737959776,25.907723488130767,0.9987016259905604,0.0,2509,2509,0,1916
MM1,finita_0,0,1,1,2.5,10.0,0.25,0.20442136671300973,0.0,0.1024979416825134,0.0,0.20442136671300973,0.22524271844660193,515,399,116,398
MM1,finita_0,0,1,2,2.5,10.0,0.25,0.1916820918779402,0.0,0.10445890565555324,0.0,0.1916820918779402,0.22899159663865545,476,367,109,367
MM1,finita_0,0,1,3,2.5,10.0,0.25,0.19311474793823322,0.0,0.09554072304343302,0.0,0.19311474793823322,0.16322314049586778,484,405,79,404
MM1,finita_0,0,1,4,2.5,10.0,0.25,0.18660756413932894,0.0,0.09330378206966447,0.0,0.18660756413932894,0.1935483870967742,496,400,96,400
MM1,finita_0,0,1,5,2.5,10.0,0.25,0.1958177681530387,0.0,0.09798561436947757,0.0,0.1958177681530387,0.19556451612903225,496,399,97,398
MM1,finita_0,0,1,6,2.5,10.0,0.25,0.20926949104363043,0.0,0.10704321792513065,0.0,0.20926949104363043,0.21485943775100402,498,391,107,391
MM1,finita_0,0,1,7,2.5,10.0,0.25,0.22426424229942896,0.0,0.11129739071931959,0.0,0.22426424229942896,0.24813432835820895,536,403,133,403
MM1,finita_0,0,1,8,2.5,10.0,0.25,0.19790861799402,0.0,0.09920231478396992,0.0,0.19790861799402,0.2099009900990099,505,399,106,399
MM1,finita_0,0,1,9,2.5,10.0,0.25,0.20490085255586796,0.0,0.10374726711689516,0.0,0.20490085255586796,0.21782178217821782,505,395,110,395
MM1,finita_0,0,1,10,2.5,10.0,0.25,0.20754903493634258,0.0,0.09986641094613619,0.0,0.20754903493634258,0.2049808429118774,522,415,107,414
MM1,finita_0,0,1,1,5.0,10.0,0.5,0.3241123282929028,0.0,0.09353891148424325,0.0,0.3241123282929028,0.3317261330761813,1037,693,344,693
MM1,finita_0,0,1,2,5.0,10.0,0.5,0.3304573964348893,0.0,0.09775656535888519,0.0,0.3304573964348893,0.31616161616161614,990,677,313,676
MM1,finita_0,0,1,3,5.0,10.0,0.5,0.3553976894780142,0.0,0.10452873219941594,0.0,0.3553976894780142,0.3247269116186693,1007,680,327,680
MM1,finita_0,0,1,4,5.0,10.0,0.5,0.3304676454868978,0.0,0.09983916782081505,0.0,0.3304676454868978,0.34390485629335976,1009,662,347,662
MM1,finita_0,0,1,5,5.0,10.0,0.5,0.3334749129130614,0.0,0.1018244008894844,0.0,0.3334749129130614,0.34760956175298807,1004,655,349,655
MM1,finita_0,0,1,6,5.0,10.0,0.5,0.32297883427358465,0.0,0.09937810285341066,0.0,0.32297883427358465,0.33537832310838445,978,650,328,650
MM1,finita_0,0,1,7,5.0,10.0,0.5,0.3554610810263544,0.0,0.1065178756090169,0.0,0.3554610810263544,0.361376673040153,1046,668,378,667
MM1,finita_0,0,1,8,5.0,10.0,0.5,0.3465906371178844,0.0,0.10235932230737445,0.0,0.3465906371178844,0.35,1040,676,364,675
MM1,finita_0,0,1,9,5.0,10.0,0.5,0.3242124429451197,0.0,0.0992993699678774,0.0,0.3242124429451197,0.33299284984678246,979,653,326,653
MM1,finita_0,0,1,10,5.0,10.0,0.5,0.32893646555088035,0.0,0.10426421773361837,0.0,0.32893646555088035,0.3322751322751323,945,631,314,630
MM1,finita_0,0,1,1,7.5,10.0,0.75,0.44014010047102026,0.0,0.1041893765884501,0.0,0.44014010047102026,0.4271186440677966,1475,845,630,844
MM1,finita_0,0,1,2,7.5,10.0,0.75,0.4336083063345717,0.0,0.10428520962636867,0.0,0.4336083063345717,0.43859649122807015,1482,832,650,831
MM1,finita_0,0,1,3,7.5,10.0,0.75,0.41651518728841175,0.0,0.09917028268771709,0.0,0.41651518728841175,0.4258373205741627,1463,840,623,840
MM1,finita_0,0,1,4,7.5,10.0,0.75,0.4290474606961432,0.0,0.10312964305222674,0.0,0.4290474606961432,0.424326192121631,1447,833,614,832
MM1,finita_0,0,1,5,7.5,10.0,0.75,0.44301101764894085,0.0,0.09996779004096396,0.0,0.44301101764894085,0.42504866969500327,1541,886,655,885
MM1,finita_0,0,1,6,7.5,10.0,0.75,0.4237947832578987,0.0,0.09876745203075393,0.0,0.4237947832578987,0.40717736369910285,1449,859,590,858
MM1,finita_0,0,1,7,7.5,10.0,0.75,0.4304201704684975,0.0,0.09570608897013225,0.0,0.4304201704684975,0.41022280471821754,1526,900,626,899
MM1,finita_0,0,1,8,7.5,10.0,0.75,0.4495259079472176,0.0,0.10239770112692884,0.0,0.4495259079472176,0.4320827943078913,1546,878,668,878
MM1,finita_0,0,1,9,7.5,10.0,0.75,0.44266393059901415,0.0,0.10060543877250322,0.0,0.44266393059901415,0.43517329910141206,1558,880,678,880
MM1,finita_0,0,1,10,7.5,10.0,0.75,0.439166100009173,0.0,0.10189468677707031,0.0,0.439166100009173,0.4340118187787262,1523,862,661,862
MM1,finita_0,0,1,1,10.0,10.0,1.0,0.5069768878006831,0.0,0.09906348510598165,0.0,0.5069768878006831,0.5076923076923077,2080,1024,1056,1023
MM1,finita_0,0,1,2,10.0,10.0,1.0,0.4819569745665788,0.0,0.09716874487229411,0.0,0.4819569745665788,0.4979757085020243,1976,992,984,992
MM1,finita_0,0,1,3,10.0,10.0,1.0,0.4937715476631419,0.0,0.09777654409171127,0.0,0.4937715476631419,0.4799176107106076,1942,1010,932,1010
MM1,finita_0,0,1,4,10.0,10.0,1.0,0.48367502559018,0.0,0.096831836954991,0.0,0.48367502559018,0.4847859721505931,1939,999,940,999
MM1,finita_0,0,1,5,10.0,10.0,1.0,0.4990946394995198,0.0,0.10168407443587224,0.0,0.4990946394995198,0.5119284294234593,2012,982,1030,981
MM1,finita_0,0,1,6,10.0,10.0,1.0,0.5082762197922963,0.0,0.09760414927772176,0.0,0.5082762197922963,0.5,2082,1041,1041,1040
MM1,finita_0,0,1,7,10.0,10.0,1.0,0.5028643637089705,0.0,0.0983133697051784,0.0,0.5028643637089705,0.5053191489361702,2068,1023,1045,1022
MM1,finita_0,0,1,8,10.0,10.0,1.0,0.4979391950886249,0.0,0.10039096675173889,0.0,0.4979391950886249,0.5101234567901235,2025,992,1033,992
MM1,finita_0,0,1,9,10.0,10.0,1.0,0.5174209011872981,0.0,0.10274381249982777,0.0,0.5174209011872981,0.5014836795252225,2022,1008,1014,1007
MM1,finita_0,0,1,10,10.0,10.0,1.0,0.48818943886699495,0.0,0.09667117601326633,0.0,0.48818943886699495,0.48416751787538304,1958,1010,948,1010
MM1,finita_0,0,1,1,12.5,10.0,1.25,0.5526553231744056,0.0,0.09851253532520599,0.0,0.5526553231744056,0.5565217391304348,2530,1122,1408,1122
MM1,finita_0,0,1,2,12.5,10.0,1.25,0.5426807774401928,0.0,0.0984727160597987,0.0,0.5426807774401928,0.5561820378574305,2483,1102,1381,1101
MM1,finita_0,0,1,3,12.5,10.0,1.25,0.5685473527408071,0.0,0.10189020658437405,0.0,0.5685473527408071,0.5512665862484921,2487,1116,1371,1116
MM1,finita_0,0,1,4,12.5,10.0,1.25,0.5468957469431655,0.0,0.09409367776238708,0.0,0.5468957469431655,0.5270435136234242,2459,1163,1296,1162
MM1,finita_0,0,1,5,12.5,10.0,1.25,0.5709945028770741,0.0,0.10380125405973308,0.0,0.5709945028770741,0.5632458233890215,2514,1098,1416,1097
MM1,finita_0,0,1,6,12.5,10.0,1.25,0.5620426822756628,0.0,0.10081483090146418,0.0,0.5620426822756628,0.5568362480127186,2516,1115,1401,1115
MM1,finita_0,0,1,7,12.5,10.0,1.25,0.5624676081229684,0.0,0.10328109011717489,0.0,0.5624676081229684,0.5639278557114229,2495,1088,1407,1087
MM1,finita_0,0,1,8,12.5,10.0,1.25,0.5555964251683183,0.0,0.09738762930207157,0.0,0.5555964251683183,0.5358014646053703,2458,1141,1317,1141
MM1,finita_0,0,1,9,12.5,10.0,1.25,0.547422441354502,0.0,0.0994409521079931,0.0,0.547422441354502,0.5373949579831933,2380,1101,1279,1101
MM1,finita_0,0,1,10,12.5,10.0,1.25,0.5575660982727196,0.0,0.10082569589018438,0.0,0.5575660982727196,0.5706521739130435,2576,1106,1470,1106
MM1,finita_2,2,3,1,2.5,10.0,0.25,0.3355968721058899,0.07436992260769187,0.13238535388792502,0.02933724757699877,0.26122694949819797,0.013618677042801557,514,507,7,507
MM1,finita_2,2,3,2,2.5,10.0,0.25,0.2941094161145832,0.06467934431621399,0.12157129214543173,0.02683790220589792,0.2294300717983692,0.014285714285714285,490,483,7,482
MM1,finita_2,2,3,3,2.5,10.0,0.25,0.36282986635910086,0.096472626277506,0.14807346142373382,0.039551093375899175,0.26635724008159484,0.010121457489878543,494,489,5,487
MM1,finita_2,2,3,4,2.5,10.0,0.25,0.2666517421266538,0.04562601096466478,0.11695251847660254,0.02001140831783543,0.22102573116198904,0.006535947712418301,459,456,3,456
MM1,finita_2,2,3,5,2.5,10.0,0.25,0.3397683960978708,0.08274653469308778,0.1301794621064639,0.03170365313911409,0.25702186140478295,0.018796992481203006,532,522,10,522
MM1,finita_2,2,3,6,2.5,10.0,0.25,0.2991381946231796,0.059751549214284466,0.12184855178133587,0.024338716584229925,0.23938664540889512,0.00808080808080808,495,491,4,491
MM1,finita_2,2,3,7,2.5,10.0,0.25,0.30493883406005107,0.06386453178575327,0.12471935953376322,0.026120462898058593,0.2410743022742978,0.0020408163265306124,490,489,1,489
MM1,finita_2,2,3,8,2.5,10.0,0.25,0.3171863308513472,0.07441117408215434,0.12246576480746994,0.02873018304330283,0.2427751567691928,0.01893939393939394,528,518,10,518
MM1,finita_2,2,3,9,2.5,10.0,0.25,0.3376624115117228,0.06990181916290472,0.13074917771729155,0.02709372835771501,0.26776059234881805,0.009578544061302681,522,517,5,516
MM1,finita_2,2,3,10,2.5,10.0,0.25,0.23627255389664792,0.03705388417236866,0.11359257398877304,0.017814367390561858,0.1992186697242793,0.004784688995215311,418,416,2,416
MM1,finita_2,2,3,1,5.0,10.0,0.5,0.7321330654169037,0.27636241334924777,0.1612627897394061,0.06087277827075942,0.45577065206765593,0.08097165991902834,988,908,80,908
MM1,finita_2,2,3,2,5.0,10.0,0.5,0.7778017607737301,0.302428780570765,0.16708952970434593,0.06496858873700645,0.4753729802029652,0.08366141732283465,1016,931,85,931
MM1,finita_2,2,3,3,5.0,10.0,0.5,0.7124200318306935,0.2560961980981284,0.15584380878700252,0.05603855538252263,0.4563238337325651,0.05960945529290853,973,915,58,914
MM1,finita_2,2,3,4,5.0,10.0,0.5,0.7069737653830335,0.24879937527542345,0.14516915100267627,0.05108816740768449,0.4581743901076101,0.050682261208576995,1026,974,52,974
MM1,finita_2,2,3,5,5.0,10.0,0.5,0.7533632291078254,0.2827562602581095,0.1600778864365698,0.060062265723520664,0.4706069688497159,0.07100591715976332,1014,942,72,941
MM1,finita_2,2,3,6,5.0,10.0,0.5,0.7171670229134192,0.2633317182451007,0.15506314008938793,0.056936587728670426,0.45383530466831845,0.06565656565656566,990,925,65,925
MM1,finita_2,2,3,7,5.0,10.0,0.5,0.7384869896844548,0.26733662141756015,0.1556347712717502,0.056340699982625954,0.4711503682668946,0.06686332350049164,1017,949,68,949
MM1,finita_2,2,3,8,5.0,10.0,0.5,0.7693398768835545,0.292597305471774,0.16708330880273647,0.06347042435864135,0.4767425714117806,0.07715430861723446,998,921,77,920
MM1,finita_2,2,3,9,5.0,10.0,0.5,0.6865007280401625,0.24368598902846997,0.15514140746670338,0.055070280006433894,0.4428147390116925,0.06842105263157895,950,885,65,885
MM1,finita_2,2,3,10,5.0,10.0,0.5,0.7921815274982411,0.2996672714146957,0.16590895301102893,0.06286269000045087,0.4925142560835454,0.07101167315175097,1028,955,73,953
MM1,finita_2,2,3,1,7.5,10.0,0.75,1.233430565778188,0.5640604635541275,0.18884510134508387,0.08637935871934,0.6693701022240595,0.1636828644501279,1564,1308,256,1306
MM1,finita_2,2,3,2,7.5,10.0,0.75,1.1096847388607831,0.5035854052563554,0.18115320136404,0.08213778779463494,0.6060993336044277,0.17117726657645466,1478,1225,253,1224
MM1,finita_2,2,3,3,7.5,10.0,0.75,1.0731101235458629,0.47162799818389345,0.17169761976733808,0.07546047970942295,0.6014821253619694,0.14965986394557823,1470,1250,220,1250
MM1,finita_2,2,3,4,7.5,10.0,0.75,1.1627935881993112,0.5221235668295079,0.18486384550068558,0.08300851618911097,0.6406700213698048,0.16688741721854305,1510,1258,252,1258
MM1,finita_2,2,3,5,7.5,10.0,0.75,1.1420201249756163,0.5055366765463448,0.18254002992014537,0.08080814443912322,0.6364834484292714,0.15736381977135172,1487,1253,234,1251
MM1,finita_2,2,3,6,7.5,10.0,0.75,1.1096291039286736,0.49610812406957305,0.18293870315331368,0.0817985365324935,0.6135209798591008,0.16963064295485636,1462,1214,248,1213
MM1,finita_2,2,3,7,7.5,10.0,0.75,1.173624083216683,0.5355936374627678,0.18454773987494622,0.08420888614191391,0.6380304457539168,0.1646981627296588,1524,1273,251,1271
MM1,finita_2,2,3,8,7.5,10.0,0.75,1.157662374317291,0.5225952785786174,0.17580294218941397,0.07936146979174144,0.6350670957386723,0.14757281553398058,1545,1317,228,1317
MM1,finita_2,2,3,9,7.5,10.0,0.75,1.1288366358191135,0.5018008224262537,0.17706016565799923,0.07871279785132786,0.6270358133928593,0.13783783783783785,1480,1276,204,1275
MM1,finita_2,2,3,10,7.5,10.0,0.75,1.113779779069312,0.4877847703039273,0.17781688871864063,0.07792088982490852,0.625995008765384,0.15050847457627117,1475,1253,222,1252
MM1,finita_2,2,3,1,10.0,10.0,1.0,1.4812051983190155,0.7380870072295024,0.19663554896211632,0.09800012193182248,0.7431181910895107,0.24612306153076538,1999,1507,492,1505
MM1,finita_2,2,3,2,10.0,10.0,1.0,1.5306710706210054,0.7764420301056927,0.20763632472920387,0.10524260112157716,0.7542290405153141,0.24383983572895276,1948,1473,475,1472
MM1,finita_2,2,3,3,10.0,10.0,1.0,1.490303235165527,0.7439916881306093,0.1919232087364136,0.09576705243721036,0.7463115470349158,0.23354774863928748,2021,1549,472,1546
MM1,finita_2,2,3,4,10.0,10.0,1.0,1.5477853877872214,0.7978360700327691,0.20915128370881378,0.10781341532815766,0.7499493177544523,0.27601367855398146,2047,1482,565,1480
MM1,finita_2,2,3,5,10.0,10.0,1.0,1.5651416150699857,0.8067850867400884,0.21767407634636746,0.11219712812239584,0.7583565283298955,0.28776622090143633,2019,1438,581,1435
MM1,finita_2,2,3,6,10.0,10.0,1.0,1.441398141771459,0.7110000191958656,0.19483754381533808,0.09614604722053625,0.730398122575592,0.23395445134575568,1932,1480,452,1479
MM1,finita_2,2,3,7,10.0,10.0,1.0,1.5417049411859898,0.7920404604951794,0.20970476844183897,0.10759494581467799,0.7496644806908107,0.25038245792962777,1961,1470,491,1467
MM1,finita_2,2,3,8,10.0,10.0,1.0,1.4628650358253787,0.7143727099477059,0.19278620383581546,0.09413803465339303,0.7484923258776712,0.2501233349777997,2027,1520,507,1517
MM1,finita_2,2,3,9,10.0,10.0,1.0,1.4323119392837569,0.7190065400053589,0.18619608926916706,0.09349889987065786,0.7133053992783995,0.24373464373464374,2035,1539,496,1538
MM1,finita_2,2,3,10,10.0,10.0,1.0,1.491509165895142,0.7395576853287628,0.19800914923682564,0.09818159838482464,0.7519514805663771,0.24862979571499752,2007,1508,499,1506
MM1,finita_2,2,3,1,12.5,10.0,1.25,1.757995196198867,0.9310275750221547,0.21060160638576744,0.11151204016506659,0.8269676211767097,0.32168968318440294,2462,1670,792,1669
MM1,finita_2,2,3,2,12.5,10.0,1.25,1.7994666377185506,0.9716587287293562,0.2242875096091186,0.12098684563901727,0.8278079089891998,0.36475247524752474,2525,1604,921,1602
MM1,finita_2,2,3,3,12.5,10.0,1.25,1.7721265048399164,0.9433224145669656,0.2137383796261,0.11377143863639624,0.8288040902729554,0.33064516129032256,2480,1660,820,1658
MM1,finita_2,2,3,4,12.5,10.0,1.25,1.7946174764255773,0.9620125566095689,0.2233877057684388,0.11973347930615924,0.832604919816008,0.34780844155844154,2464,1607,857,1604
MM1,finita_2,2,3,5,12.5,10.0,1.25,1.7021619757198831,0.9017795700314365,0.19994815765841442,0.10590663836660923,0.8003824056884433,0.3219259848786311,2513,1704,809,1702
MM1,finita_2,2,3,6,12.5,10.0,1.25,1.7349685422207202,0.9219056742549312,0.21230422535788662,0.11271120266302845,0.8130628679657919,0.3340122199592668,2455,1635,820,1632
MM1,finita_2,2,3,7,12.5,10.0,1.25,1.8210206719519697,0.9793113308540964,0.21804870272288082,0.11708063614605321,0.8417093410978757,0.36,2600,1664,936,1661
MM1,finita_2,2,3,8,12.5,10.0,1.25,1.7574720219155224,0.9270856554613305,0.21127976477738383,0.11119478364863673,0.8303863664541953,0.3203605079885293,2441,1659,782,1656
MM1,finita_2,2,3,9,12.5,10.0,1.25,1.7156531603176137,0.8992090817307589,0.20929119318040304,0.10967374259930471,0.8164440785868529,0.33088834555827223,2454,1642,812,1639
MM1,finita_2,2,3,10,12.5,10.0,1.25,1.8198475925273272,0.9861018931074297,0.21847384385166907,0.11828857602856296,0.8337456994198952,0.3503507404520655,2566,1667,899,1664
MM1,finita_5,5,6,1,2.5,10.0,0.25,0.3723956930067309,0.10982176541959522,0.15015955363174632,0.04428296992725614,0.26257392758713566,0.0,496,496,0,496
MM1,finita_5,5,6,2,2.5,10.0,0.25,0.3496940440924397,0.0825799318259214,0.1337262118900343,0.03157932383400436,0.2671141122665183,0.0,523,523,0,523
MM1,finita_5,5,6,3,2.5,10.0,0.25,0.3866495407402472,0.12662507597603473,0.1522242286378926,0.049852392116549106,0.2600244647642125,0.0,508,508,0,508
MM1,finita_5,5,6,4,2.5,10.0,0.25,0.31876670222539133,0.07371929901418453,0.1282714402079849,0.02949822886459232,0.24504740321120677,0.0,497,497,0,496
MM1,finita_5,5,6,5,2.5,10.0,0.25,0.284102755593476,0.05719598483024996,0.12378709245207548,0.024921997747385603,0.22690677076322596,0.0,460,460,0,459
MM1,finita_5,5,6,6,2.5,10.0,0.25,0.31854669001289687,0.06934664981931968,0.1327277875053737,0.028894437424716535,0.2492000401935772,0.0,480,480,0,480
MM1,finita_5,5,6,7,2.5,10.0,0.25,0.3767529090543297,0.0995682103344429,0.15070116362173186,0.039827284133777154,0.27718469871988677,0.0,500,500,0,500
MM1,finita_5,5,6,8,2.5,10.0,0.25,0.323803445393458,0.07841481694245407,0.13837754076643505,0.03351060553096328,0.2453886284510039,0.0,468,468,0,468
MM1,finita_5,5,6,9,2.5,10.0,0.25,0.38509038266033757,0.11311859893712174,0.14209977219938655,0.04174118041960212,0.2719717837232158,0.0,542,542,0,542
MM1,finita_5,5,6,10,2.5,10.0,0.25,0.2919712311687468,0.05309739122347144,0.12530954127414026,0.02278857992423667,0.23887383994527536,0.0,466,466,0,466
MM1,finita_5,5,6,1,5.0,10.0,0.5,0.8983353875082933,0.41510306181122913,0.1747699300813584,0.08083798672078464,0.4832323256970642,0.005802707930367505,1034,1028,6,1027
MM1,finita_5,5,6,2,5.0,10.0,0.5,0.8571435215410506,0.3896432882201213,0.17510592881328915,0.079600263170607,0.4675002333209292,0.00508130081300813,984,979,5,979
MM1,finita_5,5,6,3,5.0,10.0,0.5,1.0477693019442946,0.5321481352099366,0.20457113400979515,0.10384345996551264,0.5156211667343581,0.008712487899322363,1033,1024,9,1023
MM1,finita_5,5,6,4,5.0,10.0,0.5,0.9863096991979914,0.48696961010936646,0.20315338809433398,0.1003027003314864,0.4993400890886251,0.01120162932790224,982,971,11,971
MM1,finita_5,5,6,5,5.0,10.0,0.5,1.077398755715321,0.5553515916281464,0.21225107027158893,0.1092986966415988,0.522047164087175,0.0087890625,1024,1015,9,1013
MM1,finita_5,5,6,6,5.0,10.0,0.5,1.0447931288699341,0.5107251913427001,0.21344088434523673,0.10433609629064354,0.5340679375272341,0.007099391480730223,986,979,7,979
MM1,finita_5,5,6,7,5.0,10.0,0.5,0.9754261039256724,0.47182570390620976,0.20049868528790799,0.09698370070014589,0.5036004000194627,0.02014098690835851,993,973,20,973
MM1,finita_5,5,6,8,5.0,10.0,0.5,0.8723043525582601,0.3806543580266768,0.17551395423707447,0.0765904140898746,0.49164999453158337,0.0010050251256281408,995,994,1,994
MM1,finita_5,5,6,9,5.0,10.0,0.5,0.9346344529958945,0.4446842476226716,0.19780623343828455,0.0941130682799305,0.48995020537322304,0.010471204188481676,955,945,10,945
MM1,finita_5,5,6,10,5.0,10.0,0.5,0.9650604166905226,0.4667122576055249,0.20210689354775338,0.09774078693309424,0.49834815908499747,0.016477857878475798,971,955,16,955
MM1,finita_5,5,6,1,7.5,10.0,0.75,1.9117164130202149,1.2095142785402693,0.2715694668687861,0.17180802368722892,0.7022021344799468,0.0531271015467384,1487,1408,79,1407
MM1,finita_5,5,6,2,7.5,10.0,0.75,1.7955161134547726,1.1231254399761141,0.25271162750946785,0.15807536101000894,0.6723906734786574,0.04116059379217274,1482,1421,61,1421
MM1,finita_5,5,6,3,7.5,10.0,0.75,1.9511871684194355,1.2343303442961895,0.2727026091431773,0.17251297614202507,0.7168568241232456,0.06896551724137931,1537,1431,106,1431
MM1,finita_5,5,6,4,7.5,10.0,0.75,1.7408323979648948,1.0615301496542306,0.2519484651937979,0.15352838042199832,0.6793022483106652,0.048242591316333565,1451,1381,70,1380
MM1,finita_5,5,6,5,7.5,10.0,0.75,1.647773337166671,0.96961556346219,0.2369057986876614,0.13941273378320487,0.6781577737044815,0.03266157053509382,1439,1392,47,1391
MM1,finita_5,5,6,6,7.5,10.0,0.75,2.121994533115231,1.3771013724405379,0.29040742924040486,0.18844826649287044,0.7448931606746936,0.07351077313054499,1578,1462,116,1461
MM1,finita_5,5,6,7,7.5,10.0,0.75,1.832286551731314,1.1288487566893677,0.26593418747914543,0.16383871650063392,0.7034377950419458,0.04899930986887509,1449,1378,71,1378
MM1,finita_5,5,6,8,7.5,10.0,0.75,1.8969176891316926,1.1866166624850525,0.25943928060362764,0.1622118801669022,0.7103010266466383,0.0499675535366645,1541,1464,77,1460
MM1,finita_5,5,6,9,7.5,10.0,0.75,1.9876872132388075,1.2703691835423592,0.2807467815309056,0.17943067564157647,0.7173180296964484,0.06038487060384871,1507,1416,91,1416
MM1,finita_5,5,6,10,7.5,10.0,0.75,1.9584618109800744,1.2433223394444513,0.2765363031772906,0.17554880715508442,0.7151394715356215,0.053440213760855046,1497,1417,80,1416
MM1,finita_5,5,6,1,10.0,10.0,1.0,2.9708502094657536,2.11420630743429,0.35282134688303657,0.251152684331393,0.8566439020314713,0.13979591836734695,1960,1686,274,1683
MM1,finita_5,5,6,2,10.0,10.0,1.0,2.889987269337288,2.046295762263058,0.342010327732223,0.24216517896604264,0.8436915070742217,0.13554987212276215,1955,1690,265,1690
MM1,finita_5,5,6,3,10.0,10.0,1.0,3.1368925296265244,2.282791913586968,0.3847917148189332,0.2798378361462575,0.8541006160395576,0.17123983739837398,1968,1631,337,1627
MM1,finita_5,5,6,4,10.0,10.0,1.0,3.226310051895598,2.336110585642098,0.3768600697611845,0.2728933307065267,0.8901994662534914,0.16844660194174757,2060,1713,347,1712
MM1,finita_5,5,6,5,10.0,10.0,1.0,3.0635819093111967,2.1899339343575575,0.35221978120541786,0.25143708804727366,0.8736479749536352,0.11993927125506072,1976,1739,237,1733
MM1,finita_5,5,6,6,10.0,10.0,1.0,3.027846908340536,2.166059224356371,0.36093007612631595,0.2581733627812873,0.8617876839841618,0.14865550481988837,1971,1678,293,1677
MM1,finita_5,5,6,7,10.0,10.0,1.0,2.821413385747785,1.9775819013758786,0.32800701003845756,0.22994880682332233,0.8438314843719121,0.11652977412731007,1948,1721,227,1720
MM1,finita_5,5,6,8,10.0,10.0,1.0,3.044138561547667,2.1710426006066488,0.3529111790712138,0.25170369794949504,0.8730959609410255,0.1433531746031746,2016,1727,289,1725
MM1,finita_5,5,6,9,10.0,10.0,1.0,3.104389316619736,2.2457141449918825,0.3691155926574984,0.26702903032008174,0.8586751716278411,0.15554440541896639,1993,1683,310,1682
MM1,finita_5,5,6,10,10.0,10.0,1.0,3.086819241272352,2.226427159341832,0.36155677978926337,0.2604289088533573,0.8603920819305251,0.16084604033448105,2033,1706,327,1701
MM1,finita_5,5,6,1,12.5,10.0,1.25,4.015860632352968,3.068628071749631,0.42647663984933837,0.32590575875989486,0.9472325606033433,0.2693798449612403,2580,1885,695,1883
MM1,finita_5,5,6,2,12.5,10.0,1.25,4.115877187427344,3.1614176280603137,0.4513474340888103,0.3466718809471739,0.9544595593670294,0.2879438158408115,2563,1825,738,1823
MM1,finita_5,5,6,3,12.5,10.0,1.25,3.7789548331224294,2.847117420387235,0.4064102351946124,0.3059662030297232,0.9318374127351983,0.24071807425540595,2451,1861,590,1855
MM1,finita_5,5,6,4,12.5,10.0,1.25,3.649391228943531,2.7240728945836734,0.3834966752578814,0.2861941236251372,0.9253183343598593,0.22708840227088403,2466,1906,560,1900
MM1,finita_5,5,6,5,12.5,10.0,1.25,4.023984617879798,3.0823458061225306,0.4235773281978726,0.32445745327605646,0.9416388117572535,0.2725880551301684,2612,1900,712,1900
MM1,finita_5,5,6,6,12.5,10.0,1.25,3.8920891680078045,2.96045075859299,0.41889177366966224,0.31852087951776276,0.9316384094148082,0.26442687747035576,2530,1861,669,1856
MM1,finita_5,5,6,7,12.5,10.0,1.25,3.930499354433175,2.9850796728948397,0.4231413361005963,0.3213300111511211,0.9454196815383418,0.2532102728731942,2492,1861,631,1857
MM1,finita_5,5,6,8,12.5,10.0,1.25,3.8213820877502873,2.890710310891354,0.3990279210716497,0.3015353044685942,0.9306717768589398,0.2517591868647381,2558,1914,644,1908
MM1,finita_5,5,6,9,12.5,10.0,1.25,3.726955177152101,2.800150778136057,0.4012521686240588,0.301363470510999,0.9268043990160425,0.23422680412371133,2425,1857,568,1855
MM1,finita_5,5,6,10,12.5,10.0,1.25,3.662802503629622,2.748079479075953,0.39183881464821385,0.2940065972744848,0.9147230245536556,0.2322527697989331,2437,1871,566,1869
MM1,finita_10,10,11,1,2.5,10.0,0.25,0.3488468754031121,0.09902129181804988,0.13443039514570795,0.038158493956859295,0.24982558358506224,0.0,519,519,0,519
MM1,finita_10,10,11,2,2.5,10.0,0.25,0.3451192099845559,0.08345853339892052,0.1304798525461459,0.031553320755735546,0.26166067658563547,0.0,529,529,0,529
MM1,finita_10,10,11,3,2.5,10.0,0.25,0.32438354251807267,0.06864336484193903,0.12103863526793757,0.025613195836544415,0.25574017767613366,0.0,536,536,0,536
MM1,finita_10,10,11,4,2.5,10.0,0.25,0.32531995449652035,0.08109551861244442,0.12732679236654418,0.031739929006827566,0.2442244358840759,0.0,511,511,0,511
MM1,finita_10,10,11,5,2.5,10.0,0.25,0.30970709092261184,0.06525379713312086,0.12589719143195602,0.02652593379395157,0.24445329378949096,0.0,492,492,0,492
MM1,finita_10,10,11,6,2.5,10.0,0.25,0.32547809474483835,0.07301242481987166,0.13420164291975153,0.030108216420565638,0.25246566992496666,0.0,486,486,0,485
MM1,finita_10,10,11,7,2.5,10.0,0.25,0.3237351824583158,0.0741914246256564,0.12596699706549253,0.028868258609204826,0.24954375783265934,0.0,514,514,0,514
MM1,finita_10,10,11,8,2.5,10.0,0.25,0.34509474498661313,0.09560984051147542,0.13971447165449924,0.03870843745403863,0.2494849044751377,0.0,494,494,0,494
MM1,finita_10,10,11,9,2.5,10.0,0.25,0.3611078041378439,0.09725166664349906,0.13809093848483514,0.03718992988279123,0.26385613749434483,0.0,523,523,0,523
MM1,finita_10,10,11,10,2.5,10.0,0.25,0.38628819619945987,0.12039734242953078,0.14638587054439145,0.04569159105485039,0.26589085376992905,0.0,528,528,0,527
MM1,finita_10,10,11,1,5.0,10.0,0.5,0.930398645060669,0.4383525257190245,0.19429769308946412,0.09157882230187764,0.49204611934164455,0.0,959,959,0,957
MM1,finita_10,10,11,2,5.0,10.0,0.5,0.9387819561448164,0.4547371343967636,0.1885104329608065,0.09131267758971157,0.48404482174805286,0.0,996,996,0,996
MM1,finita_10,10,11,3,5.0,10.0,0.5,0.9682830786665433,0.45333717751636043,0.18981983649021514,0.08810340112979226,0.5149459011501828,0.0,1017,1017,0,1011
MM1,finita_10,10,11,4,5.0,10.0,0.5,0.8647827616199908,0.40087350183510834,0.17543753749166902,0.08107119272156507,0.4639092597848827,0.0,984,984,0,981
MM1,finita_10,10,11,5,5.0,10.0,0.5,0.9589401854639483,0.46893422652688943,0.200849751339181,0.09814960117459509,0.4900059589370586,0.0,957,957,0,954
MM1,finita_10,10,11,6,5.0,10.0,0.5,1.0269285115714446,0.4973269521277327,0.20096448367347244,0.09732425677646434,0.5296015594437118,0.0,1022,1022,0,1022
MM1,finita_10,10,11,7,5.0,10.0,0.5,1.0284752929450647,0.517898304727155,0.20068253483853649,0.10092672295964107,0.5105769882179095,0.001951219512195122,1025,1023,2,1021
MM1,finita_10,10,11,8,5.0,10.0,0.5,1.0789968639237322,0.5654907560261029,0.21775920563546558,0.11412527871364335,0.5135061078976293,0.0,991,991,0,991
MM1,finita_10,10,11,9,5.0,10.0,0.5,0.9783730960955807,0.47374526426708585,0.19820687897106826,0.0959818397817645,0.5046278318284948,0.0,988,988,0,987
MM1,finita_10,10,11,10,5.0,10.0,0.5,0.9690562937712933,0.4933199754237536,0.19959964856257326,0.10161070554557232,0.47573631834753966,0.0,971,971,0,971
MM1,finita_10,10,11,1,7.5,10.0,0.75,3.0277642940143608,2.2762691216523483,0.41518926106952053,0.3120413320896545,0.7514951723620094,0.0260347129506008,1498,1459,39,1456
MM1,finita_10,10,11,2,7.5,10.0,0.75,2.554439463106786,1.8272936992811117,0.3484910590868735,0.24928972705062924,0.7271457638256777,0.008119079837618403,1478,1466,12,1466
MM1,finita_10,10,11,3,7.5,10.0,0.75,2.393730579348065,1.6711804464402626,0.3133155208570766,0.2187408961309246,0.7225501329077976,0.0032615786040443573,1533,1528,5,1528
MM1,finita_10,10,11,4,7.5,10.0,0.75,2.6144108854169676,1.89126931504219,0.3552188703012177,0.2569659395437759,0.723141570374775,0.007417397167902899,1483,1472,11,1472
MM1,finita_10,10,11,5,7.5,10.0,0.75,2.089963669851502,1.3693843285996732,0.2872240174685509,0.1876578415433138,0.7205793412518318,0.0,1454,1454,0,1445
MM1,finita_10,10,11,6,7.5,10.0,0.75,2.5196673642287983,1.7791278434819453,0.34135072904602554,0.24104438511751572,0.7405395207468456,0.0053872053872053875,1485,1477,8,1476
MM1,finita_10,10,11,7,7.5,10.0,0.75,2.738153332652087,2.0024783290711055,0.37344071966918485,0.2730856423172159,0.7356750035809874,0.01078167115902965,1484,1468,16,1466
MM1,finita_10,10,11,8,7.5,10.0,0.75,2.412611441311266,1.6753914717784442,0.323595576403782,0.22473393316947587,0.7372199695328228,0.01126573889993373,1509,1492,17,1491
MM1,finita_10,10,11,9,7.5,10.0,0.75,2.4542201795646874,1.7188767837769825,0.33260315840390614,0.23290680558309856,0.7353433957877046,0.006056527590847914,1486,1477,9,1475
MM1,finita_10,10,11,10,7.5,10.0,0.75,2.7867876353721646,2.044582064012202,0.378736055653456,0.277417022798947,0.7422055713599611,0.022591362126245847,1505,1471,34,1465
MM1,finita_10,10,11,1,10.0,10.0,1.0,5.376195054938649,4.45842958690963,0.5750472673756993,0.4764397922744826,0.9177654680290184,0.07703703703703704,2025,1869,156,1861
MM1,finita_10,10,11,2,10.0,10.0,1.0,5.327691701280401,4.413558338227715,0.5773680459692611,0.4777458303487836,0.9141333630526697,0.07429718875502007,1992,1844,148,1835
MM1,finita_10,10,11,3,10.0,10.0,1.0,6.242879987954733,5.294737834923137,0.6730749153211106,0.5708612220941368,0.9481421530315987,0.10077519379844961,2064,1856,208,1855
MM1,finita_10,10,11,4,10.0,10.0,1.0,5.185054735852845,4.2596263333372955,0.568348387376369,0.4668224906576562,0.9254284025155559,0.054865424430641824,1932,1826,106,1822
MM1,finita_10,10,11,5,10.0,10.0,1.0,5.845168758535947,4.941249154710342,0.64832333528249,0.5480841348688305,0.903919603825603,0.097,2000,1806,194,1803
MM1,finita_10,10,11,6,10.0,10.0,1.0,6.307348251420424,5.365407951607231,0.6901710985844015,0.5867868888153038,0.9419402998132023,0.11197285506543868,2063,1832,231,1822
MM1,finita_10,10,11,7,10.0,10.0,1.0,5.643461996157605,4.718388723416504,0.6015974389134312,0.5030177385365563,0.925073272741092,0.0797846304454234,2043,1880,163,1875
MM1,finita_10,10,11,8,10.0,10.0,1.0,4.892062991036664,3.9993885465317067,0.5209665118164951,0.4256640601728755,0.8926744445049813,0.0528169014084507,1988,1883,105,1873
MM1,finita_10,10,11,9,10.0,10.0,1.0,5.468999211902303,4.541477934780402,0.5858595834924792,0.4865000465752974,0.9275212771218899,0.06369107321965897,1994,1867,127,1867
MM1,finita_10,10,11,10,10.0,10.0,1.0,5.539102878703768,4.62170559514175,0.5887247563571266,0.49088065172401135,0.917397283562046,0.06874381800197824,2022,1883,139,1875
MM1,finita_10,10,11,1,12.5,10.0,1.25,7.517727682673809,6.5458017175120276,0.762370369378999,0.6636148462448733,0.9719259651617783,0.20274083031035872,2481,1978,503,1968
MM1,finita_10,10,11,2,12.5,10.0,1.25,8.268090065148408,7.278848498301368,0.8488664078109874,0.747315040893362,0.9892415668470249,0.24719969100038625,2589,1949,640,1948
MM1,finita_10,10,11,3,12.5,10.0,1.25,7.696269038716748,6.7209882838595005,0.7828932615068991,0.6836896315201711,0.9752807548572399,0.2138289368505196,2502,1967,535,1966
MM1,finita_10,10,11,4,12.5,10.0,1.25,7.961384623393968,6.97564855610184,0.8237887406236472,0.7213088486078351,0.9857360672921357,0.2096444626072742,2447,1934,513,1923
MM1,finita_10,10,11,5,12.5,10.0,1.25,8.534294976941663,7.544985019159854,0.9355954195057106,0.8268286943678498,0.9893099577818277,0.2740652346857597,2514,1825,689,1819
MM1,finita_10,10,11,6,12.5,10.0,1.25,7.949102287720839,6.965109611962838,0.7963460391392179,0.697636749905065,0.9839926757580066,0.2025518341307815,2508,2000,508,1991
MM1,finita_10,10,11,7,12.5,10.0,1.25,7.804297195724389,6.819926698752325,0.8032247425906212,0.7018188903334128,0.9843704969720537,0.2249203821656051,2512,1947,565,1941
MM1,finita_10,10,11,8,12.5,10.0,1.25,8.231730672236338,7.249230083866141,0.8436657813476345,0.7429128857714179,0.9825005883701503,0.23870716510903428,2568,1955,613,1949
MM1,finita_10,10,11,9,12.5,10.0,1.25,8.021669048395943,7.039042661696418,0.7889901700378563,0.692226284653548,0.9826263866995297,0.2066147859922179,2570,2039,531,2030
MM1,finita_10,10,11,10,12.5,10.0,1.25,7.714656121773641,6.742473784541123,0.806565898280442,0.7045071802517904,0.9721823372324957,0.2329591018444266,2494,1913,581,1905
MM1,finita_50,50,51,1,2.5,10.0,0.25,0.33306778289788425,0.0881523338549965,0.1332146381850281,0.03526093354199861,0.24491544904288776,0.0,501,501,0,500
MM1,finita_50,50,51,2,2.5,10.0,0.25,0.28439482204424665,0.0571298255486113,0.12418987862194178,0.024947522073629387,0.22726499649563536,0.0,458,458,0,458
MM1,finita_50,50,51,3,2.5,10.0,0.25,0.3226132233482367,0.0754709116265287,0.12701308005836093,0.029712957333279017,0.24714231172170809,0.0,508,508,0,508
MM1,finita_50,50,51,4,2.5,10.0,0.25,0.36787404605544455,0.1302931779165947,0.15911642205953305,0.05645835792250737,0.23758086813884982,0.0,463,463,0,461
MM1,finita_50,50,51,5,2.5,10.0,0.25,0.29908519669106054,0.06381483658604083,0.12410174136558529,0.026479185305411133,0.2352703601050197,0.0,482,482,0,482
MM1,finita_50,50,51,6,2.5,10.0,0.25,0.29862698374843527,0.06858867667103626,0.12494852876503566,0.02869819107574739,0.23003830707739897,0.0,478,478,0,478
MM1,finita_50,50,51,7,2.5,10.0,0.25,0.4151372251991161,0.12964057804572776,0.14747325939577838,0.046053491312869545,0.28549664715338835,0.0,563,563,0,563
MM1,finita_50,50,51,8,2.5,10.0,0.25,0.3762181043538235,0.10460797106100873,0.14929289855310457,0.04151109962738442,0.2716101332928148,0.0,504,504,0,504
MM1,finita_50,50,51,9,2.5,10.0,0.25,0.30730379754777615,0.06175578528043382,0.11980654875156965,0.02407632954402878,0.24554801226734235,0.0,513,513,0,513
MM1,finita_50,50,51,10,2.5,10.0,0.25,0.29124547765466113,0.07185958553067298,0.11960799903682182,0.029511123421220937,0.21938589212398812,0.0,487,487,0,487
MM1,finita_50,50,51,1,5.0,10.0,0.5,1.003195441742217,0.5036106964142912,0.20173723511071429,0.10136878185937287,0.4995847453279261,0.0,994,994,0,992
MM1,finita_50,50,51,2,5.0,10.0,0.5,0.9893034254224312,0.47691937143067287,0.20046675287181992,0.09664019684512117,0.512384053991759,0.0,987,987,0,987
MM1,finita_50,50,51,3,5.0,10.0,0.5,1.0693946642977903,0.5517980171398991,0.21387893285955797,0.11035960342797982,0.517596647157891,0.0,1000,1000,0,1000
MM1,finita_50,50,51,4,5.0,10.0,0.5,0.8835326812235624,0.4134674531928724,0.18250428352391582,0.08542775791145146,0.47006522803069006,0.0,970,970,0,967
MM1,finita_50,50,51,5,5.0,10.0,0.5,0.9774956855807392,0.47968269412436887,0.19725298473723887,0.09605734979529247,0.49781299145637026,0.0,987,987,0,980
MM1,finita_50,50,51,6,5.0,10.0,0.5,0.9284387863557504,0.4263766211841732,0.18473582240118117,0.08484816732702379,0.502062165171577,0.0,1006,1006,0,1005
MM1,finita_50,50,51,7,5.0,10.0,0.5,1.0817849891708144,0.5614679428678006,0.21505712274383607,0.1116623023276373,0.5203170463030145,0.0,1006,1006,0,1004
MM1,finita_50,50,51,8,5.0,10.0,0.5,0.9653497273732876,0.48519223507281617,0.19561291334818387,0.09831656232478544,0.4801574923004712,0.0,987,987,0,987
MM1,finita_50,50,51,9,5.0,10.0,0.5,0.9725750112391551,0.473800906684829,0.19429538113129033,0.09466551582114466,0.49877410455432597,0.0,1002,1002,0,1001
MM1,finita_50,50,51,10,5.0,10.0,0.5,1.2121654545821032,0.687872012006849,0.24459519127106286,0.1387436432353904,0.5242934425752541,0.0,992,992,0,989
MM1,finita_50,50,51,1,7.5,10.0,0.75,3.387336139231414,2.6272894932988633,0.44307863168494666,0.343661150202598,0.7600466459325559,0.0,1529,1529,0,1529
MM1,finita_50,50,51,2,7.5,10.0,0.75,3.839368424078485,3.032108018108288,0.5008960762007152,0.39557834548053417,0.8072604059701963,0.0,1533,1533,0,1533
MM1,finita_50,50,51,3,7.5,10.0,0.75,2.6934297713832462,1.9521917742473476,0.3735536381849422,0.2707616885225177,0.7412379971358934,0.0,1443,1443,0,1442
MM1,finita_50,50,51,4,7.5,10.0,0.75,2.826217707447331,2.092420153578702,0.38049530652827185,0.28167016629080754,0.7337975538686279,0.0,1487,1487,0,1485
MM1,finita_50,50,51,5,7.5,10.0,0.75,2.4939266979412738,1.7506680133261574,0.3260034899269647,0.2288454919380595,0.7432586846151209,0.0,1530,1530,0,1530
MM1,finita_50,50,51,6,7.5,10.0,0.75,4.230669125434664,3.472082904729584,0.5837330832071687,0.478940005712376,0.7585862207050765,0.0,1453,1453,0,1447
MM1,finita_50,50,51,7,7.5,10.0,0.75,2.1773974626302968,1.487953242382502,0.306815271596317,0.2097038909910543,0.6894442202477948,0.0,1421,1421,0,1419
MM1,finita_50,50,51,8,7.5,10.0,0.75,2.6300869239609552,1.9037287563674044,0.3567485677612852,0.2582869735564825,0.7263581675935569,0.0,1476,1476,0,1473
MM1,finita_50,50,51,9,7.5,10.0,0.75,3.090890282786043,2.3411145135877156,0.4071919172665378,0.308447234991794,0.7497757691983276,0.0,1519,1519,0,1518
MM1,finita_50,50,51,10,7.5,10.0,0.75,2.6105611468336503,1.8844822584927865,0.3479462823556322,0.2506727472694266,0.7260788883408691,0.0,1499,1499,0,1491
MM1,finita_50,50,51,1,10.0,10.0,1.0,20.638232930814162,19.69232259712201,2.123325062924687,2.024286190418205,0.9459103336921625,0.006128702757916241,1958,1946,12,1910
MM1,finita_50,50,51,2,10.0,10.0,1.0,18.92540862715929,17.941665379726327,1.898835962442501,1.8001355388040394,0.9837432474329497,0.0,1998,1998,0,1993
MM1,finita_50,50,51,3,10.0,10.0,1.0,11.285556564269687,10.348981973485616,1.1628292014305244,1.0663066248735547,0.9365745907840887,0.0,1945,1945,0,1939
MM1,finita_50,50,51,4,10.0,10.0,1.0,27.560006741090042,26.578767775360042,2.8363740355998366,2.7341065698981293,0.9812389657299998,0.02929493545183714,2014,1955,59,1917
MM1,finita_50,50,51,5,10.0,10.0,1.0,25.755202393282662,24.789854991618927,2.5791719637428128,2.4818821949522234,0.9653474016637287,0.0137524557956778,2036,2008,28,1984
MM1,finita_50,50,51,6,10.0,10.0,1.0,17.64984428152436,16.68706608606127,1.7600262713590236,1.6619497187104049,0.9627781954630913,0.0,1999,1999,0,1963
MM1,finita_50,50,51,7,10.0,10.0,1.0,22.335415806392852,21.365010089077032,2.3545197602802768,2.2522501237814603,0.9704057173158691,0.037487335359675786,1974,1900,74,1897
MM1,finita_50,50,51,8,10.0,10.0,1.0,23.33416430371209,22.383874170910175,2.3580783898920257,2.262053258328243,0.9502901328019092,0.013937282229965157,2009,1981,28,1979
MM1,finita_50,50,51,9,10.0,10.0,1.0,33.39087262131746,32.41982427108626,3.5470392935649975,3.442409309861786,0.9710483502311484,0.054094292803970226,2015,1906,109,1855
MM1,finita_50,50,51,10,10.0,10.0,1.0,26.052165791304457,25.07631352449147,2.790187900364997,2.6855136096323813,0.9758522668130564,0.034518289541473464,1941,1874,67,1864
MM1,finita_50,50,51,1,12.5,10.0,1.25,46.010606442690175,45.01147139079298,4.639540213184189,4.538209678404595,0.9991350518971948,0.22441096948628814,2589,2008,581,1972
MM1,finita_50,50,51,2,12.5,10.0,1.25,45.27486589440618,44.276379354869235,4.585621120974375,4.483437217149489,0.998486539536788,0.20602218700475436,2524,2004,520,1953
MM1,finita_50,50,51,3,12.5,10.0,1.25,45.693545645712256,44.69471265261586,4.47481975668341,4.375268460425959,0.9988329930964511,0.1717049576783555,2481,2055,426,2006
MM1,finita_50,50,51,4,12.5,10.0,1.25,45.376909846243095,44.378180129096926,4.585427824664933,4.483002567596963,0.9987297171462065,0.19959919839679358,2495,1997,498,1950
MM1,finita_50,50,51,5,12.5,10.0,1.25,45.61069337681137,44.61469655742692,4.601679145389201,4.4996080855967495,0.9959968193844468,0.17184265010351968,2415,2000,415,1950
MM1,finita_50,50,51,6,12.5,10.0,1.25,46.1846482630449,45.185706193081096,4.513843297964199,4.414959296856547,0.9989420699639463,0.1664651350261991,2481,2068,413,2018
MM1,finita_50,50,51,7,12.5,10.0,1.25,45.69517618530546,44.69708771866216,4.570894305689301,4.47004621648972,0.9980884666434758,0.1587893864013267,2412,2029,383,1979
MM1,finita_50,50,51,8,12.5,10.0,1.25,41.58989457309423,40.59020181420527,4.032669389534459,3.93393031911594,0.9996927588889687,0.16545893719806765,2484,2073,411,2022
MM1,finita_50,50,51,9,12.5,10.0,1.25,45.37163425216113,44.372566868291976,4.539107112600785,4.43730066818989,0.999067383868974,0.20411392405063292,2528,2012,516,1961
MM1,finita_50,50,51,10,12.5,10.0,1.25,45.93222144428414,44.932812097486824,4.564681543754157,4.464193599575537,0.99940934679729,0.19992144540455617,2546,2037,509,1988
