tipo_cola,tamano_cola,lambda_sobre_mu,lambda,Q,P_Q_n
finita_0,0,0.25,2.5,0,1.0
finita_0,0,0.5,5.0,0,1.0
finita_0,0,0.75,7.5,0,1.0
finita_0,0,1.0,10.0,0,1.0
finita_0,0,1.25,12.5,0,1.0
finita_10,10,0.25,2.5,0,0.9359436330685602
finita_10,10,0.25,2.5,1,0.047656408897682766
finita_10,10,0.25,2.5,2,0.012498918325752542
finita_10,10,0.25,2.5,3,0.0027956547911962793
finita_10,10,0.25,2.5,4,0.001171527766482251
finita_10,10,0.25,2.5,5,0.0007995335570005934
finita_10,10,0.25,2.5,6,0.00045455413170486736
finita_10,10,0.5,5.0,0,0.7558277960126117
finita_10,10,0.5,5.0,1,0.12427205686362708
finita_10,10,0.5,5.0,2,0.06045333319579058
finita_10,10,0.5,5.0,3,0.030598528025815596
finita_10,10,0.5,5.0,4,0.015384924510190894
finita_10,10,0.5,5.0,5,0.007320313815879267
finita_10,10,0.5,5.0,6,0.004159810102249999
finita_10,10,0.5,5.0,7,0.0016945809778577978
finita_10,10,0.5,5.0,8,0.0015916128410289286
finita_10,10,0.5,5.0,9,0.0011241388754694803
finita_10,10,0.5,5.0,10,0.0007970833350231092
finita_10,10,0.75,7.5,0,0.4602570023140153
finita_10,10,0.75,7.5,1,0.144632991142105
finita_10,10,0.75,7.5,2,0.10598818809513674
finita_10,10,0.75,7.5,3,0.08083317198776582
finita_10,10,0.75,7.5,4,0.06048213180207056
finita_10,10,0.75,7.5,5,0.0460346707301479
finita_10,10,0.75,7.5,6,0.03539545019945438
finita_10,10,0.75,7.5,7,0.024272957974123523
finita_10,10,0.75,7.5,8,0.01749426277041636
finita_10,10,0.75,7.5,9,0.01395466286763714
finita_10,10,0.75,7.5,10,0.01065451011712722
finita_10,10,1.0,10.0,0,0.1598230681122297
finita_10,10,1.0,10.0,1,0.07847652730547483
finita_10,10,1.0,10.0,2,0.08094025294529522
finita_10,10,1.0,10.0,3,0.08217897145873523
finita_10,10,1.0,10.0,4,0.0831280612046968
finita_10,10,1.0,10.0,5,0.08693770147847728
finita_10,10,1.0,10.0,6,0.08888669564789921
finita_10,10,1.0,10.0,7,0.09102398930228908
finita_10,10,1.0,10.0,8,0.08360421210425997
finita_10,10,1.0,10.0,9,0.08202470006880117
finita_10,10,1.0,10.0,10,0.08297582037184151
finita_10,10,1.25,12.5,0,0.040317368377025556
finita_10,10,1.25,12.5,1,0.027745231530191282
finita_10,10,1.25,12.5,2,0.03501699136428897
finita_10,10,1.25,12.5,3,0.04354663658759265
finita_10,10,1.25,12.5,4,0.05107414624981862
finita_10,10,1.25,12.5,5,0.06887573905693647
finita_10,10,1.25,12.5,6,0.08537813512526338
finita_10,10,1.25,12.5,7,0.10781343827725878
finita_10,10,1.25,12.5,8,0.1413300565926433
finita_10,10,1.25,12.5,9,0.17551481255351017
finita_10,10,1.25,12.5,10,0.2233874442854708
finita_2,2,0.25,2.5,0,0.9431181631753927
finita_2,2,0.25,2.5,1,0.04687593392155188
finita_2,2,0.25,2.5,2,0.010005902903055554
finita_2,2,0.5,5.0,0,0.7959711390927973
finita_2,2,0.5,5.0,1,0.13475152850147776
finita_2,2,0.5,5.0,2,0.06927733240572484
finita_2,2,0.75,7.5,0,0.6420237612270062
finita_2,2,0.75,7.5,1,0.20487080322485068
finita_2,2,0.75,7.5,2,0.15310543554814307
finita_2,2,1.0,10.0,0,0.4990732671279122
finita_2,2,1.0,10.0,1,0.24794153602302202
finita_2,2,1.0,10.0,2,0.25298519684906573
finita_2,2,1.25,12.5,0,0.39429968959287837
finita_2,2,1.25,12.5,1,0.26905917277744046
finita_2,2,1.25,12.5,2,0.33664113762968123
finita_5,5,0.25,2.5,0,0.9340636376996055
finita_5,5,0.25,2.5,1,0.05014528373245329
finita_5,5,0.25,2.5,2,0.01205418059704883
finita_5,5,0.25,2.5,3,0.003006497924014435
finita_5,5,0.25,2.5,4,0.0011527330014078343
finita_5,5,0.25,2.5,5,0.0007701677308696376
finita_5,5,0.5,5.0,0,0.7491544919311771
finita_5,5,0.5,5.0,1,0.12871932072246475
finita_5,5,0.5,5.0,2,0.06396375086817918
finita_5,5,0.5,5.0,3,0.0327720226448758
finita_5,5,0.5,5.0,4,0.01653321501170801
finita_5,5,0.5,5.0,5,0.008857198821595151
finita_5,5,0.75,7.5,0,0.5133092489423154
finita_5,5,0.75,7.5,1,0.16464275063942976
finita_5,5,0.75,7.5,2,0.1194742041729339
finita_5,5,0.75,7.5,3,0.08588923264339136
finita_5,5,0.75,7.5,4,0.06424426587204249
finita_5,5,0.75,7.5,5,0.05244029772988695
finita_5,5,1.0,10.0,0,0.27755094191050533
finita_5,5,1.0,10.0,1,0.1436419066516887
finita_5,5,1.0,10.0,2,0.1447249795928566
finita_5,5,1.0,10.0,3,0.14178094367020158
finita_5,5,1.0,10.0,4,0.14432448432608772
finita_5,5,1.0,10.0,5,0.1479767438486601
finita_5,5,1.25,12.5,0,0.15066030940591058
finita_5,5,1.25,12.5,1,0.10452972368532618
finita_5,5,1.25,12.5,2,0.12507659559807166
finita_5,5,1.25,12.5,3,0.16108850523989676
finita_5,5,1.25,12.5,4,0.20436747890567597
finita_5,5,1.25,12.5,5,0.2542773871651189
finita_50,50,0.25,2.5,0,0.9392841926109895
finita_50,50,0.25,2.5,1,0.04393772826960204
finita_50,50,0.25,2.5,2,0.011626880988246458
finita_50,50,0.25,2.5,3,0.0034706994112797514
finita_50,50,0.25,2.5,4,0.0016548325403969726
finita_50,50,0.25,2.5,5,0.0007545883550022192
finita_50,50,0.25,2.5,6,0.0015689228810855126
finita_50,50,0.25,2.5,7,0.0006338831149481194
finita_50,50,0.5,5.0,0,0.7483577419335924
finita_50,50,0.5,5.0,1,0.12294820007681637
finita_50,50,0.5,5.0,2,0.063033760605234
finita_50,50,0.5,5.0,3,0.033446011113091756
finita_50,50,0.5,5.0,4,0.018368132552658754
finita_50,50,0.5,5.0,5,0.007528589659087891
finita_50,50,0.5,5.0,6,0.003029539453108607
finita_50,50,0.5,5.0,7,0.0016057324125752883
finita_50,50,0.5,5.0,8,0.0018285333394361205
finita_50,50,0.5,5.0,9,0.0014304637996620784
finita_50,50,0.5,5.0,10,0.0014120717911334068
finita_50,50,0.5,5.0,11,0.001030658788776293
finita_50,50,0.5,5.0,12,0.0011708264402536628
finita_50,50,0.5,5.0,13,0.0005440410672605366
finita_50,50,0.75,7.5,0,0.44546735121511916
finita_50,50,0.75,7.5,1,0.14299861137627964
finita_50,50,0.75,7.5,2,0.1062674465354407
finita_50,50,0.75,7.5,3,0.07520336972219402
finita_50,50,0.75,7.5,4,0.053110023816510046
finita_50,50,0.75,7.5,5,0.04108793710021058
finita_50,50,0.75,7.5,6,0.03066022540641486
finita_50,50,0.75,7.5,7,0.02399998698270012
finita_50,50,0.75,7.5,8,0.01834009507958779
finita_50,50,0.75,7.5,9,0.016724541567027802
finita_50,50,0.75,7.5,10,0.011494569840344178
finita_50,50,0.75,7.5,11,0.008077468411210055
finita_50,50,0.75,7.5,12,0.006583834349061927
finita_50,50,0.75,7.5,13,0.006028397396469127
finita_50,50,0.75,7.5,14,0.003982390694953165
finita_50,50,0.75,7.5,15,0.003446759012052844
finita_50,50,0.75,7.5,16,0.002018479789874405
finita_50,50,0.75,7.5,17,0.0019333633134412144
finita_50,50,0.75,7.5,18,0.002426073359879505
finita_50,50,0.75,7.5,19,0.004759221824576833
finita_50,50,0.75,7.5,20,0.004065339114357159
finita_50,50,0.75,7.5,21,0.003209426418056367
finita_50,50,0.75,7.5,22,0.0014861930362271636
finita_50,50,0.75,7.5,23,0.0005153455670111384
finita_50,50,0.75,7.5,24,0.0002994839808390992
finita_50,50,0.75,7.5,25,0.005114195913986493
finita_50,50,0.75,7.5,26,0.006157717786151124
finita_50,50,0.75,7.5,27,0.00268832720438283
finita_50,50,0.75,7.5,28,0.0014264226251918188
finita_50,50,0.75,7.5,29,0.0013248139476664989
finita_50,50,0.75,7.5,30,0.000585697640549725
finita_50,50,0.75,7.5,31,0.001599905411059126
finita_50,50,0.75,7.5,32,0.0011643621843064977
finita_50,50,1.0,10.0,0,0.0674727624504686
finita_50,50,1.0,10.0,1,0.029499494887836077
finita_50,50,1.0,10.0,2,0.026895370008964303
finita_50,50,1.0,10.0,3,0.02530570795950194
finita_50,50,1.0,10.0,4,0.026372759132317302
finita_50,50,1.0,10.0,5,0.025420677317816203
finita_50,50,1.0,10.0,6,0.0259572788800425
finita_50,50,1.0,10.0,7,0.02533047767500197
finita_50,50,1.0,10.0,8,0.023647425349911343
finita_50,50,1.0,10.0,9,0.02374936397748331
finita_50,50,1.0,10.0,10,0.023960977365817766
finita_50,50,1.0,10.0,11,0.022964407075945076
finita_50,50,1.0,10.0,12,0.023915370973713462
finita_50,50,1.0,10.0,13,0.025106648545165765
finita_50,50,1.0,10.0,14,0.02259311191645281
finita_50,50,1.0,10.0,15,0.0211122909526125
finita_50,50,1.0,10.0,16,0.020416045838620337
finita_50,50,1.0,10.0,17,0.020108654814380733
finita_50,50,1.0,10.0,18,0.017344202354465082
finita_50,50,1.0,10.0,19,0.01667092612499047
finita_50,50,1.0,10.0,20,0.01470839397132668
finita_50,50,1.0,10.0,21,0.013336010218536944
finita_50,50,1.0,10.0,22,0.01332231263766592
finita_50,50,1.0,10.0,23,0.014401051744604714
finita_50,50,1.0,10.0,24,0.015574891301621813
finita_50,50,1.0,10.0,25,0.015546610294595874
finita_50,50,1.0,10.0,26,0.015006676563976296
finita_50,50,1.0,10.0,27,0.01602781652707697
finita_50,50,1.0,10.0,28,0.015385297944025189
finita_50,50,1.0,10.0,29,0.013991497511807024
finita_50,50,1.0,10.0,30,0.013076364627954033
finita_50,50,1.0,10.0,31,0.010977864128500697
finita_50,50,1.0,10.0,32,0.013156547145763708
finita_50,50,1.0,10.0,33,0.013403208830629388
finita_50,50,1.0,10.0,34,0.014479091469237048
finita_50,50,1.0,10.0,35,0.015411821319712953
finita_50,50,1.0,10.0,36,0.014390127578118066
finita_50,50,1.0,10.0,37,0.014826049161471908
finita_50,50,1.0,10.0,38,0.01638964042279574
finita_50,50,1.0,10.0,39,0.015617755568121838
finita_50,50,1.0,10.0,40,0.015761870213392336
finita_50,50,1.0,10.0,41,0.015628624869963543
finita_50,50,1.0,10.0,42,0.014703576489754313
finita_50,50,1.0,10.0,43,0.017246591709236227
finita_50,50,1.0,10.0,44,0.01852085340924986
finita_50,50,1.0,10.0,45,0.021040513738410118
finita_50,50,1.0,10.0,46,0.024071844209959434
finita_50,50,1.0,10.0,47,0.02313023690314025
finita_50,50,1.0,10.0,48,0.024934515266558252
finita_50,50,1.0,10.0,49,0.02539279303216264
finita_50,50,1.0,10.0,50,0.026777605110680388
finita_50,50,1.25,12.5,0,0.0027540244374727216
finita_50,50,1.25,12.5,1,0.001141763558108446
finita_50,50,1.25,12.5,2,0.0009209967145465614
finita_50,50,1.25,12.5,3,0.0013221990990853474
finita_50,50,1.25,12.5,4,0.001428699563952507
finita_50,50,1.25,12.5,5,0.0011759708436227942
finita_50,50,1.25,12.5,6,0.0012800757596758423
finita_50,50,1.25,12.5,7,0.0016811481087687635
finita_50,50,1.25,12.5,8,0.0018634000810662126
finita_50,50,1.25,12.5,9,0.0023200548346386947
finita_50,50,1.25,12.5,10,0.0019042298210184935
finita_50,50,1.25,12.5,11,0.002458557083964577
finita_50,50,1.25,12.5,12,0.0024527216278332578
finita_50,50,1.25,12.5,13,0.002372163558980819
finita_50,50,1.25,12.5,14,0.002964687449022993
finita_50,50,1.25,12.5,15,0.0017477853821722949
finita_50,50,1.25,12.5,16,0.002725720717712642
finita_50,50,1.25,12.5,17,0.0031858866263352213
finita_50,50,1.25,12.5,18,0.003576361424671648
finita_50,50,1.25,12.5,19,0.003843168604238725
finita_50,50,1.25,12.5,20,0.003442717099889103
finita_50,50,1.25,12.5,21,0.003132048121298915
finita_50,50,1.25,12.5,22,0.002724845535315813
finita_50,50,1.25,12.5,23,0.002164394261707367
finita_50,50,1.25,12.5,24,0.0025931872644848054
finita_50,50,1.25,12.5,25,0.002222948299396023
finita_50,50,1.25,12.5,26,0.0028370489057409423
finita_50,50,1.25,12.5,27,0.0024986431973504186
finita_50,50,1.25,12.5,28,0.0026162056725234067
finita_50,50,1.25,12.5,29,0.0022588375679167493
finita_50,50,1.25,12.5,30,0.0018449498572566596
finita_50,50,1.25,12.5,31,0.0019629259642117898
finita_50,50,1.25,12.5,32,0.0019267299015154516
finita_50,50,1.25,12.5,33,0.002504092829202507
finita_50,50,1.25,12.5,34,0.003857779727332253
finita_50,50,1.25,12.5,35,0.00514111409198836
finita_50,50,1.25,12.5,36,0.00791111860423548
finita_50,50,1.25,12.5,37,0.00907153250842475
finita_50,50,1.25,12.5,38,0.012765848296805066
finita_50,50,1.25,12.5,39,0.015096971144949487
finita_50,50,1.25,12.5,40,0.019502999328848653
finita_50,50,1.25,12.5,41,0.026079904593379062
finita_50,50,1.25,12.5,42,0.030764070902952734
finita_50,50,1.25,12.5,43,0.03585660811946501
finita_50,50,1.25,12.5,44,0.04577059565644539
finita_50,50,1.25,12.5,45,0.06213943694664844
finita_50,50,1.25,12.5,46,0.07881275598187815
finita_50,50,1.25,12.5,47,0.0989831943377663
finita_50,50,1.25,12.5,48,0.12528808898421967
finita_50,50,1.25,12.5,49,0.15608855271964467
finita_50,50,1.25,12.5,50,0.18902023828031803
infinita,infinita,0.25,2.5,0,0.9370842135830861
infinita,infinita,0.25,2.5,1,0.0471308337279828
infinita,infinita,0.25,2.5,2,0.01266985307243595
infinita,infinita,0.25,2.5,3,0.002559969119073004
infinita,infinita,0.25,2.5,4,0.0011563036504846913
infinita,infinita,0.25,2.5,5,0.0009260903722820047
infinita,infinita,0.5,5.0,0,0.7514340342366795
infinita,infinita,0.5,5.0,1,0.1279912444933886
infinita,infinita,0.5,5.0,2,0.062433072877293924
infinita,infinita,0.5,5.0,3,0.03301845922607628
infinita,infinita,0.5,5.0,4,0.015233086300041474
infinita,infinita,0.5,5.0,5,0.006494384974922178
infinita,infinita,0.5,5.0,6,0.0027767869428746727
infinita,infinita,0.5,5.0,7,0.00088672710147479
infinita,infinita,0.5,5.0,8,0.00018646206258689918
infinita,infinita,0.5,5.0,9,0.0003095606906242665
infinita,infinita,0.75,7.5,0,0.44758758013882216
infinita,infinita,0.75,7.5,1,0.14381870926605775
infinita,infinita,0.75,7.5,2,0.1066266658390476
infinita,infinita,0.75,7.5,3,0.07977501836295464
infinita,infinita,0.75,7.5,4,0.05938441456026973
infinita,infinita,0.75,7.5,5,0.04599445983790466
infinita,infinita,0.75,7.5,6,0.03136321313882405
infinita,infinita,0.75,7.5,7,0.02197260404321117
infinita,infinita,0.75,7.5,8,0.015340526276106048
infinita,infinita,0.75,7.5,9,0.01130510231391372
infinita,infinita,0.75,7.5,10,0.008261079841337794
infinita,infinita,0.75,7.5,11,0.005502827443848626
infinita,infinita,0.75,7.5,12,0.005084272859068092
infinita,infinita,0.75,7.5,13,0.0033620110702029427
infinita,infinita,0.75,7.5,14,0.003599716189670952
infinita,infinita,0.75,7.5,15,0.00461181003076431
infinita,infinita,0.75,7.5,16,0.004522217589143856
infinita,infinita,0.75,7.5,17,0.003435050992261246
infinita,infinita,0.75,7.5,18,0.002058884729698756
infinita,infinita,0.75,7.5,19,0.0016291255863338304
infinita,infinita,0.75,7.5,20,0.0019233321291761269
infinita,infinita,0.75,7.5,21,0.002287483143823561
infinita,infinita,0.75,7.5,22,0.0012704008679506628
infinita,infinita,0.75,7.5,23,0.002749749220793802
infinita,infinita,0.75,7.5,24,0.0023463484143918835
infinita,infinita,0.75,7.5,25,0.006601264519830181
infinita,infinita,0.75,7.5,26,0.005331273012888858
infinita,infinita,0.75,7.5,27,0.0041672430630417525
infinita,infinita,0.75,7.5,28,0.007056928041326671
infinita,infinita,0.75,7.5,29,0.006581921762241478
infinita,infinita,0.75,7.5,30,0.005346950974179237
infinita,infinita,0.75,7.5,31,0.004504810207462953
infinita,infinita,0.75,7.5,32,0.001090794796137402
infinita,infinita,1.0,10.0,0,0.04457316278083295
infinita,infinita,1.0,10.0,1,0.02148952752570653
infinita,infinita,1.0,10.0,2,0.021067175076814902
infinita,infinita,1.0,10.0,3,0.020790289156244295
infinita,infinita,1.0,10.0,4,0.018620699030862033
infinita,infinita,1.0,10.0,5,0.016321627045772644
infinita,infinita,1.0,10.0,6,0.01729050599081829
infinita,infinita,1.0,10.0,7,0.017826329647909443
infinita,infinita,1.0,10.0,8,0.017394771502909842
infinita,infinita,1.0,10.0,9,0.016132612476200434
infinita,infinita,1.0,10.0,10,0.014593951021181384
infinita,infinita,1.0,10.0,11,0.014890534457550444
infinita,infinita,1.0,10.0,12,0.013276304376850017
infinita,infinita,1.0,10.0,13,0.014512253821275082
infinita,infinita,1.0,10.0,14,0.014349760745054608
infinita,infinita,1.0,10.0,15,0.013751784029788059
infinita,infinita,1.0,10.0,16,0.014590293394406973
infinita,infinita,1.0,10.0,17,0.016201132640568612
infinita,infinita,1.0,10.0,18,0.014842706210953438
infinita,infinita,1.0,10.0,19,0.015144742963454402
infinita,infinita,1.0,10.0,20,0.014185211154999397
infinita,infinita,1.0,10.0,21,0.014447577972315943
infinita,infinita,1.0,10.0,22,0.013716706702757927
infinita,infinita,1.0,10.0,23,0.012530033040046734
infinita,infinita,1.0,10.0,24,0.01208809874762546
infinita,infinita,1.0,10.0,25,0.011635142408090588
infinita,infinita,1.0,10.0,26,0.01131964036897887
infinita,infinita,1.0,10.0,27,0.011559517951537243
infinita,infinita,1.0,10.0,28,0.011364126003101882
infinita,infinita,1.0,10.0,29,0.010816426587767405
infinita,infinita,1.0,10.0,30,0.009981521277108265
infinita,infinita,1.0,10.0,31,0.010740569657162014
infinita,infinita,1.0,10.0,32,0.010435927712405766
infinita,infinita,1.0,10.0,33,0.00987999780613098
infinita,infinita,1.0,10.0,34,0.010274115928421429
infinita,infinita,1.0,10.0,35,0.009181975509566115
infinita,infinita,1.0,10.0,36,0.008467519029637844
infinita,infinita,1.0,10.0,37,0.008190557246652158
infinita,infinita,1.0,10.0,38,0.008104318682950386
infinita,infinita,1.0,10.0,39,0.009559336900312524
infinita,infinita,1.0,10.0,40,0.008674077256604391
infinita,infinita,1.0,10.0,41,0.010275160741543258
infinita,infinita,1.0,10.0,42,0.010124067983024839
infinita,infinita,1.0,10.0,43,0.010154542016457824
infinita,infinita,1.0,10.0,44,0.009487631755318842
infinita,infinita,1.0,10.0,45,0.009712323677854968
infinita,infinita,1.0,10.0,46,0.010427056482231368
infinita,infinita,1.0,10.0,47,0.00984967874873437
infinita,infinita,1.0,10.0,48,0.008698286866930497
infinita,infinita,1.0,10.0,49,0.009460858277817657
infinita,infinita,1.0,10.0,50,0.00965110966719927
infinita,infinita,1.0,10.0,51,0.007909004752995014
infinita,infinita,1.0,10.0,52,0.006990689697828081
infinita,infinita,1.0,10.0,53,0.00817406455343974
infinita,infinita,1.0,10.0,54,0.006859726215623781
infinita,infinita,1.0,10.0,55,0.006112403425536925
infinita,infinita,1.0,10.0,56,0.006267337042489602
infinita,infinita,1.0,10.0,57,0.006184526239953022
infinita,infinita,1.0,10.0,58,0.0068024610679452025
infinita,infinita,1.0,10.0,59,0.007443339926663956
infinita,infinita,1.0,10.0,60,0.0061450206674877805
infinita,infinita,1.0,10.0,61,0.007173478950236724
infinita,infinita,1.0,10.0,62,0.00927856585475306
infinita,infinita,1.0,10.0,63,0.009457567266126355
infinita,infinita,1.0,10.0,64,0.00883904693550956
infinita,infinita,1.0,10.0,65,0.007309018409762505
infinita,infinita,1.0,10.0,66,0.008612850887508254
infinita,infinita,1.0,10.0,67,0.008154110031451636
infinita,infinita,1.0,10.0,68,0.005659610893723338
infinita,infinita,1.0,10.0,69,0.006187366200105414
infinita,infinita,1.0,10.0,70,0.006670208309753575
infinita,infinita,1.0,10.0,71,0.007617780712741892
infinita,infinita,1.0,10.0,72,0.007267482369587077
infinita,infinita,1.0,10.0,73,0.00621252452637618
infinita,infinita,1.0,10.0,74,0.006478868956313783
infinita,infinita,1.0,10.0,75,0.00727969135782935
infinita,infinita,1.0,10.0,76,0.005893175524482248
infinita,infinita,1.0,10.0,77,0.005712246923155056
infinita,infinita,1.0,10.0,78,0.005643242559109995
infinita,infinita,1.0,10.0,79,0.006178880814141295
infinita,infinita,1.0,10.0,80,0.006445815615669892
infinita,infinita,1.0,10.0,81,0.006272508912886455
infinita,infinita,1.0,10.0,82,0.006130256978879102
infinita,infinita,1.0,10.0,83,0.0077257655395560525
infinita,infinita,1.0,10.0,84,0.008192483309311162
infinita,infinita,1.0,10.0,85,0.009834682895953345
infinita,infinita,1.0,10.0,86,0.00901736952474716
infinita,infinita,1.0,10.0,87,0.008863489986294491
infinita,infinita,1.0,10.0,88,0.009973932682034163
infinita,infinita,1.0,10.0,89,0.008532066827671762
infinita,infinita,1.0,10.0,90,0.007978730938785929
infinita,infinita,1.0,10.0,91,0.00789349977053514
infinita,infinita,1.0,10.0,92,0.0078108734525717555
infinita,infinita,1.0,10.0,93,0.007561477026005718
infinita,infinita,1.0,10.0,94,0.007563887081932634
infinita,infinita,1.0,10.0,95,0.005830036751785002
infinita,infinita,1.0,10.0,96,0.00421580486586025
infinita,infinita,1.0,10.0,97,0.006673247566652421
infinita,infinita,1.0,10.0,98,0.006950623340952661
infinita,infinita,1.0,10.0,99,0.007618912328740094
infinita,infinita,1.0,10.0,100,0.007484620355397524
infinita,infinita,1.0,10.0,101,0.007152592686465571
infinita,infinita,1.0,10.0,102,0.0075124262975495
infinita,infinita,1.0,10.0,103,0.007910175296784274
infinita,infinita,1.0,10.0,104,0.007461939104133073
infinita,infinita,1.0,10.0,105,0.008901258550360006
infinita,infinita,1.0,10.0,106,0.006844693098255785
infinita,infinita,1.0,10.0,107,0.0070944513303671285
infinita,infinita,1.0,10.0,108,0.005487417721527735
infinita,infinita,1.0,10.0,109,0.003950593763569046
infinita,infinita,1.0,10.0,110,0.0059638563600221415
infinita,infinita,1.0,10.0,111,0.005918665643554952
infinita,infinita,1.0,10.0,112,0.005459039613225408
infinita,infinita,1.0,10.0,113,0.006185617481121337
infinita,infinita,1.0,10.0,114,0.0059736238727315615
infinita,infinita,1.0,10.0,115,0.0062665633004712435
infinita,infinita,1.0,10.0,116,0.005156556655511473
infinita,infinita,1.0,10.0,117,0.004910567770753822
infinita,infinita,1.0,10.0,118,0.0044907166831062995
infinita,infinita,1.0,10.0,119,0.0043107015229719
infinita,infinita,1.0,10.0,120,0.0037810614740489794
infinita,infinita,1.0,10.0,121,0.0030155123786085444
infinita,infinita,1.0,10.0,122,0.004020918364485434
infinita,infinita,1.0,10.0,123,0.004273624140475031
infinita,infinita,1.0,10.0,124,0.0055861318740290265
infinita,infinita,1.0,10.0,125,0.005695057881528763
infinita,infinita,1.0,10.0,126,0.0033446247028882208
infinita,infinita,1.0,10.0,127,0.0035575172657956954
infinita,infinita,1.0,10.0,128,0.003033860250031708
infinita,infinita,1.0,10.0,129,0.003877350833792903
infinita,infinita,1.0,10.0,130,0.006233810877252779
infinita,infinita,1.0,10.0,131,0.004599578261312871
infinita,infinita,1.0,10.0,132,0.006676215085186499
infinita,infinita,1.0,10.0,133,0.004301606915495811
infinita,infinita,1.0,10.0,134,0.004468062962668356
infinita,infinita,1.0,10.0,135,0.005458371393694108
infinita,infinita,1.0,10.0,136,0.004253211595249056
infinita,infinita,1.0,10.0,137,0.0033113036468801482
infinita,infinita,1.0,10.0,138,0.0025155316693737714
infinita,infinita,1.0,10.0,139,0.0031806901997817505
infinita,infinita,1.0,10.0,140,0.0015410358259133972
infinita,infinita,1.0,10.0,141,0.0006912515257060648
infinita,infinita,1.25,12.5,0,0.002792280228137249
infinita,infinita,1.25,12.5,1,0.0013749235945001632
infinita,infinita,1.25,12.5,2,0.001729225718201857
infinita,infinita,1.25,12.5,3,0.0014633674684718233
infinita,infinita,1.25,12.5,4,0.0013316783493212939
infinita,infinita,1.25,12.5,5,0.00139606157261647
infinita,infinita,1.25,12.5,6,0.0017364977054781083
infinita,infinita,1.25,12.5,7,0.0019717608079405807
infinita,infinita,1.25,12.5,8,0.0016375083595225348
infinita,infinita,1.25,12.5,9,0.0015861909712052453
infinita,infinita,1.25,12.5,10,0.0014599219120093223
infinita,infinita,1.25,12.5,11,0.002232387078770741
infinita,infinita,1.25,12.5,12,0.0023368239567590357
infinita,infinita,1.25,12.5,13,0.0022020796318594853
infinita,infinita,1.25,12.5,14,0.0018498939587480788
infinita,infinita,1.25,12.5,15,0.002134090296741074
infinita,infinita,1.25,12.5,16,0.002542073833170661
infinita,infinita,1.25,12.5,17,0.0024072586689954266
infinita,infinita,1.25,12.5,18,0.0020810747934277896
infinita,infinita,1.25,12.5,19,0.002643126983641851
infinita,infinita,1.25,12.5,20,0.001504087255871331
infinita,infinita,1.25,12.5,21,0.0019664330290532278
infinita,infinita,1.25,12.5,22,0.0015096555673136734
infinita,infinita,1.25,12.5,23,0.001501879778204334
infinita,infinita,1.25,12.5,24,0.001355321988260458
infinita,infinita,1.25,12.5,25,0.0016255366903475215
infinita,infinita,1.25,12.5,26,0.0014587644344138658
infinita,infinita,1.25,12.5,27,0.0016421740755553573
infinita,infinita,1.25,12.5,28,0.0019283606825610238
infinita,infinita,1.25,12.5,29,0.0024705924204891177
infinita,infinita,1.25,12.5,30,0.0024998332728998237
infinita,infinita,1.25,12.5,31,0.002461789912263626
infinita,infinita,1.25,12.5,32,0.002843537868450044
infinita,infinita,1.25,12.5,33,0.002404273315136407
infinita,infinita,1.25,12.5,34,0.002260384066181253
infinita,infinita,1.25,12.5,35,0.002083466163679145
infinita,infinita,1.25,12.5,36,0.0011779397624954347
infinita,infinita,1.25,12.5,37,0.0008548926875266552
infinita,infinita,1.25,12.5,38,0.0009996195831301362
infinita,infinita,1.25,12.5,39,0.001577088610765546
infinita,infinita,1.25,12.5,40,0.001987611249875309
infinita,infinita,1.25,12.5,41,0.0023651713996646244
infinita,infinita,1.25,12.5,42,0.002493513842085285
infinita,infinita,1.25,12.5,43,0.0026052431100444286
infinita,infinita,1.25,12.5,44,0.002823488691263804
infinita,infinita,1.25,12.5,45,0.002409677251010581
infinita,infinita,1.25,12.5,46,0.0017707089453883336
infinita,infinita,1.25,12.5,47,0.0015992555235270997
infinita,infinita,1.25,12.5,48,0.0013319786600311065
infinita,infinita,1.25,12.5,49,0.0014667339211718255
infinita,infinita,1.25,12.5,50,0.0009338671437638153
infinita,infinita,1.25,12.5,51,0.0010599925400482685
infinita,infinita,1.25,12.5,52,0.0017038062496713424
infinita,infinita,1.25,12.5,53,0.0008928727464453657
infinita,infinita,1.25,12.5,54,0.0014098440200000892
infinita,infinita,1.25,12.5,55,0.0016406682242912306
infinita,infinita,1.25,12.5,56,0.002203901117557365
infinita,infinita,1.25,12.5,57,0.00180436410599273
infinita,infinita,1.25,12.5,58,0.002520951521670014
infinita,infinita,1.25,12.5,59,0.0022906752690444207
infinita,infinita,1.25,12.5,60,0.0019470070637729211
infinita,infinita,1.25,12.5,61,0.0019255144378657462
infinita,infinita,1.25,12.5,62,0.002278377604367904
infinita,infinita,1.25,12.5,63,0.002659230479101997
infinita,infinita,1.25,12.5,64,0.002199560631878224
infinita,infinita,1.25,12.5,65,0.0014727045261393767
infinita,infinita,1.25,12.5,66,0.0019086420455270085
infinita,infinita,1.25,12.5,67,0.002207434739530272
infinita,infinita,1.25,12.5,68,0.0028583479405351647
infinita,infinita,1.25,12.5,69,0.003119952931322864
infinita,infinita,1.25,12.5,70,0.0033766009158723346
infinita,infinita,1.25,12.5,71,0.002489206751330064
infinita,infinita,1.25,12.5,72,0.0034370968288037753
infinita,infinita,1.25,12.5,73,0.0035046702681560877
infinita,infinita,1.25,12.5,74,0.003761976784721642
infinita,infinita,1.25,12.5,75,0.004026755592986589
infinita,infinita,1.25,12.5,76,0.002947932496351859
infinita,infinita,1.25,12.5,77,0.00349694844268897
infinita,infinita,1.25,12.5,78,0.003106237757260306
infinita,infinita,1.25,12.5,79,0.003016887838335274
infinita,infinita,1.25,12.5,80,0.0026339311908586517
infinita,infinita,1.25,12.5,81,0.0017606769725143304
infinita,infinita,1.25,12.5,82,0.0017951993774887498
infinita,infinita,1.25,12.5,83,0.001899326719627364
infinita,infinita,1.25,12.5,84,0.0020916110938707854
infinita,infinita,1.25,12.5,85,0.0020795223018405923
infinita,infinita,1.25,12.5,86,0.0018139886090208605
infinita,infinita,1.25,12.5,87,0.0012932034033482705
infinita,infinita,1.25,12.5,88,0.0007099629044979795
infinita,infinita,1.25,12.5,89,0.001296529973971495
infinita,infinita,1.25,12.5,90,0.0015239646526745431
infinita,infinita,1.25,12.5,91,0.0015564639894907692
infinita,infinita,1.25,12.5,92,0.001893811505424484
infinita,infinita,1.25,12.5,93,0.0031624184570089716
infinita,infinita,1.25,12.5,94,0.002998047374208696
infinita,infinita,1.25,12.5,95,0.0025239334392320794
infinita,infinita,1.25,12.5,96,0.002046550580885988
infinita,infinita,1.25,12.5,97,0.002454938419471736
infinita,infinita,1.25,12.5,98,0.002375124900260637
infinita,infinita,1.25,12.5,99,0.0016832954516540683
infinita,infinita,1.25,12.5,100,0.001765693274438112
infinita,infinita,1.25,12.5,101,0.0025211443036495316
infinita,infinita,1.25,12.5,102,0.0029550997734083388
infinita,infinita,1.25,12.5,103,0.002876122316920222
infinita,infinita,1.25,12.5,104,0.0023348626181326324
infinita,infinita,1.25,12.5,105,0.0016270508896152956
infinita,infinita,1.25,12.5,106,0.0011649371304435067
infinita,infinita,1.25,12.5,107,0.0015307640345341247
infinita,infinita,1.25,12.5,108,0.0014216262077217507
infinita,infinita,1.25,12.5,109,0.0018516240025536277
infinita,infinita,1.25,12.5,110,0.0016646422320524188
infinita,infinita,1.25,12.5,111,0.0015506178471907362
infinita,infinita,1.25,12.5,112,0.0012746499859879173
infinita,infinita,1.25,12.5,113,0.0016734138622062778
infinita,infinita,1.25,12.5,114,0.001367881682307619
infinita,infinita,1.25,12.5,115,0.0014007831094797218
infinita,infinita,1.25,12.5,116,0.001830530041293649
infinita,infinita,1.25,12.5,117,0.0010307405387275815
infinita,infinita,1.25,12.5,118,0.0008589552966384488
infinita,infinita,1.25,12.5,119,0.0007693136726818679
infinita,infinita,1.25,12.5,120,0.001030570314374028
infinita,infinita,1.25,12.5,121,0.0006588743999580586
infinita,infinita,1.25,12.5,122,0.0016475425272534636
infinita,infinita,1.25,12.5,123,0.0016003905928042635
infinita,infinita,1.25,12.5,124,0.0016628811180638367
infinita,infinita,1.25,12.5,125,0.0019327409235280618
infinita,infinita,1.25,12.5,126,0.0019266076460481576
infinita,infinita,1.25,12.5,127,0.002194577106603834
infinita,infinita,1.25,12.5,128,0.0029827631474408987
infinita,infinita,1.25,12.5,129,0.003533452671036514
infinita,infinita,1.25,12.5,130,0.003312186119036191
infinita,infinita,1.25,12.5,131,0.0029045433419407052
infinita,infinita,1.25,12.5,132,0.002517287182866525
infinita,infinita,1.25,12.5,133,0.002698487654927746
infinita,infinita,1.25,12.5,134,0.001697541067205904
infinita,infinita,1.25,12.5,135,0.002152137039618861
infinita,infinita,1.25,12.5,136,0.0023007196012466303
infinita,infinita,1.25,12.5,137,0.0019274002448869075
infinita,infinita,1.25,12.5,138,0.0022348637670275943
infinita,infinita,1.25,12.5,139,0.0020014522515728788
infinita,infinita,1.25,12.5,140,0.0018335620526281887
infinita,infinita,1.25,12.5,141,0.0019988856924288852
infinita,infinita,1.25,12.5,142,0.0014270172032749748
infinita,infinita,1.25,12.5,143,0.0015507499951247041
infinita,infinita,1.25,12.5,144,0.0012797203677244581
infinita,infinita,1.25,12.5,145,0.001402452419400042
infinita,infinita,1.25,12.5,146,0.0012839248950224373
infinita,infinita,1.25,12.5,147,0.0016967082381632251
infinita,infinita,1.25,12.5,148,0.002138507138809004
infinita,infinita,1.25,12.5,149,0.002524259981783402
infinita,infinita,1.25,12.5,150,0.0022282995064696535
infinita,infinita,1.25,12.5,151,0.0015204028975834448
infinita,infinita,1.25,12.5,152,0.001617536208083475
infinita,infinita,1.25,12.5,153,0.001503357837534022
infinita,infinita,1.25,12.5,154,0.0024708593839254398
infinita,infinita,1.25,12.5,155,0.002035984130350183
infinita,infinita,1.25,12.5,156,0.001343645385892117
infinita,infinita,1.25,12.5,157,0.001616746945896633
infinita,infinita,1.25,12.5,158,0.001525060137213984
infinita,infinita,1.25,12.5,159,0.0014427235200020583
infinita,infinita,1.25,12.5,160,0.0020305983338491417
infinita,infinita,1.25,12.5,161,0.0019996644104219178
infinita,infinita,1.25,12.5,162,0.002293248609771368
infinita,infinita,1.25,12.5,163,0.002528811109766625
infinita,infinita,1.25,12.5,164,0.0023719301821292513
infinita,infinita,1.25,12.5,165,0.0018913369596970995
infinita,infinita,1.25,12.5,166,0.001305544979052101
infinita,infinita,1.25,12.5,167,0.0008138098755473706
infinita,infinita,1.25,12.5,168,0.0011266317017173363
infinita,infinita,1.25,12.5,169,0.0011298329690620256
infinita,infinita,1.25,12.5,170,0.001662197799386412
infinita,infinita,1.25,12.5,171,0.001509871444626583
infinita,infinita,1.25,12.5,172,0.001788639297933436
infinita,infinita,1.25,12.5,173,0.0013652939087806571
infinita,infinita,1.25,12.5,174,0.0018788310305201037
infinita,infinita,1.25,12.5,175,0.001607906999783104
infinita,infinita,1.25,12.5,176,0.0013873141727239152
infinita,infinita,1.25,12.5,177,0.0009459846838979935
infinita,infinita,1.25,12.5,178,0.0010021084649221167
infinita,infinita,1.25,12.5,179,0.001648463476057497
infinita,infinita,1.25,12.5,180,0.002041164723433905
infinita,infinita,1.25,12.5,181,0.0020423806648437477
infinita,infinita,1.25,12.5,182,0.0019754342575552105
infinita,infinita,1.25,12.5,183,0.0016775035960607525
infinita,infinita,1.25,12.5,184,0.0013871978813039761
infinita,infinita,1.25,12.5,185,0.0014591647121255135
infinita,infinita,1.25,12.5,186,0.0017130825541718762
infinita,infinita,1.25,12.5,187,0.0015838609667820761
infinita,infinita,1.25,12.5,188,0.002419409295178511
infinita,infinita,1.25,12.5,189,0.001930657312163895
infinita,infinita,1.25,12.5,190,0.0027927452032506855
infinita,infinita,1.25,12.5,191,0.0020988657833721476
infinita,infinita,1.25,12.5,192,0.0028040211259129605
infinita,infinita,1.25,12.5,193,0.0030586098775748313
infinita,infinita,1.25,12.5,194,0.002744066404803544
infinita,infinita,1.25,12.5,195,0.0033213464888901673
infinita,infinita,1.25,12.5,196,0.0022846867890498716
infinita,infinita,1.25,12.5,197,0.0023239423673660263
infinita,infinita,1.25,12.5,198,0.0018012266070982507
infinita,infinita,1.25,12.5,199,0.001496116710441754
infinita,infinita,1.25,12.5,200,0.0013121715678802986
infinita,infinita,1.25,12.5,201,0.0020774875537078897
infinita,infinita,1.25,12.5,202,0.0023057326410857544
infinita,infinita,1.25,12.5,203,0.0019514034306686912
infinita,infinita,1.25,12.5,204,0.0018553652878622983
infinita,infinita,1.25,12.5,205,0.0022292696737663143
infinita,infinita,1.25,12.5,206,0.001976060009144387
infinita,infinita,1.25,12.5,207,0.0018498884753045317
infinita,infinita,1.25,12.5,208,0.0020722926291060874
infinita,infinita,1.25,12.5,209,0.0020641340620616974
infinita,infinita,1.25,12.5,210,0.002877008844729808
infinita,infinita,1.25,12.5,211,0.002302850161269557
infinita,infinita,1.25,12.5,212,0.001783092408366819
infinita,infinita,1.25,12.5,213,0.0019433720701244185
infinita,infinita,1.25,12.5,214,0.00212194870966573
infinita,infinita,1.25,12.5,215,0.0027678205390599757
infinita,infinita,1.25,12.5,216,0.0022976438863032697
infinita,infinita,1.25,12.5,217,0.0020391246138830184
infinita,infinita,1.25,12.5,218,0.0019456984916650696
infinita,infinita,1.25,12.5,219,0.0028030228915357893
infinita,infinita,1.25,12.5,220,0.0028328487188049394
infinita,infinita,1.25,12.5,221,0.0029121235195248758
infinita,infinita,1.25,12.5,222,0.002462468323675125
infinita,infinita,1.25,12.5,223,0.0021050936695396843
infinita,infinita,1.25,12.5,224,0.0022872687779654155
infinita,infinita,1.25,12.5,225,0.002017527465311936
infinita,infinita,1.25,12.5,226,0.0018574561452742275
infinita,infinita,1.25,12.5,227,0.0024938765766418175
infinita,infinita,1.25,12.5,228,0.00209794066860686
infinita,infinita,1.25,12.5,229,0.0027517409804824096
infinita,infinita,1.25,12.5,230,0.002097902443251236
infinita,infinita,1.25,12.5,231,0.0018676903779428996
infinita,infinita,1.25,12.5,232,0.0019915107725663786
infinita,infinita,1.25,12.5,233,0.0017035341420324527
infinita,infinita,1.25,12.5,234,0.001211624603555414
infinita,infinita,1.25,12.5,235,0.0016757680805425108
infinita,infinita,1.25,12.5,236,0.0020769717922453383
infinita,infinita,1.25,12.5,237,0.0018620327445611408
infinita,infinita,1.25,12.5,238,0.0017842661359080269
infinita,infinita,1.25,12.5,239,0.002066510985158736
infinita,infinita,1.25,12.5,240,0.0015111550288446198
infinita,infinita,1.25,12.5,241,0.0015943093672066695
infinita,infinita,1.25,12.5,242,0.0019458167878634643
infinita,infinita,1.25,12.5,243,0.0015977409736697937
infinita,infinita,1.25,12.5,244,0.001748006952109982
infinita,infinita,1.25,12.5,245,0.0015575605308660767
infinita,infinita,1.25,12.5,246,0.0017625805096721195
infinita,infinita,1.25,12.5,247,0.0016906034665221839
infinita,infinita,1.25,12.5,248,0.0016896015165926315
infinita,infinita,1.25,12.5,249,0.0015934256002239737
infinita,infinita,1.25,12.5,250,0.0021877865422834687
infinita,infinita,1.25,12.5,251,0.0019733362831678178
infinita,infinita,1.25,12.5,252,0.002106276233643172
infinita,infinita,1.25,12.5,253,0.002803207281461809
infinita,infinita,1.25,12.5,254,0.0016811228998951436
infinita,infinita,1.25,12.5,255,0.001601685652353126
infinita,infinita,1.25,12.5,256,0.0014168164214265176
infinita,infinita,1.25,12.5,257,0.001313506664654554
infinita,infinita,1.25,12.5,258,0.0016516521991172084
infinita,infinita,1.25,12.5,259,0.002169115915311266
infinita,infinita,1.25,12.5,260,0.003126678694206937
infinita,infinita,1.25,12.5,261,0.002970010920342389
infinita,infinita,1.25,12.5,262,0.0032284199531592535
infinita,infinita,1.25,12.5,263,0.0031750053428786632
infinita,infinita,1.25,12.5,264,0.0037424793639313876
infinita,infinita,1.25,12.5,265,0.0034987079955897263
infinita,infinita,1.25,12.5,266,0.004194482572699812
infinita,infinita,1.25,12.5,267,0.0035318765872994575
infinita,infinita,1.25,12.5,268,0.0028037040475491467
infinita,infinita,1.25,12.5,269,0.0027498485786051105
infinita,infinita,1.25,12.5,270,0.002728893428482891
infinita,infinita,1.25,12.5,271,0.003735614314201428
infinita,infinita,1.25,12.5,272,0.003485801835468699
infinita,infinita,1.25,12.5,273,0.0036499870455969233
infinita,infinita,1.25,12.5,274,0.0031215268079714704
infinita,infinita,1.25,12.5,275,0.002827379983040437
infinita,infinita,1.25,12.5,276,0.002524635742957713
infinita,infinita,1.25,12.5,277,0.001965903840139454
infinita,infinita,1.25,12.5,278,0.002143814075968514
infinita,infinita,1.25,12.5,279,0.00219022542915134
infinita,infinita,1.25,12.5,280,0.002255569514053981
infinita,infinita,1.25,12.5,281,0.001755653366661889
infinita,infinita,1.25,12.5,282,0.0014709841895844066
infinita,infinita,1.25,12.5,283,0.0028267731851432313
infinita,infinita,1.25,12.5,284,0.0034907141614896843
infinita,infinita,1.25,12.5,285,0.0032408621992404325
infinita,infinita,1.25,12.5,286,0.0033665749179380812
infinita,infinita,1.25,12.5,287,0.003044790035699833
infinita,infinita,1.25,12.5,288,0.003380731435405025
infinita,infinita,1.25,12.5,289,0.002369907301334699
infinita,infinita,1.25,12.5,290,0.0020927894740656043
infinita,infinita,1.25,12.5,291,0.0021798174533296617
infinita,infinita,1.25,12.5,292,0.002156675767173461
infinita,infinita,1.25,12.5,293,0.0023050378715442506
infinita,infinita,1.25,12.5,294,0.0018124067824803803
infinita,infinita,1.25,12.5,295,0.0010707793217176798
infinita,infinita,1.25,12.5,296,0.0012054467030921073
infinita,infinita,1.25,12.5,297,0.0010026992076791075
infinita,infinita,1.25,12.5,298,0.001176725296905772
infinita,infinita,1.25,12.5,299,0.001200620382173227
infinita,infinita,1.25,12.5,300,0.001698655768769619
infinita,infinita,1.25,12.5,301,0.0021837105478315806
infinita,infinita,1.25,12.5,302,0.0024684910918223225
infinita,infinita,1.25,12.5,303,0.003252901728484723
infinita,infinita,1.25,12.5,304,0.0036024765073058734
infinita,infinita,1.25,12.5,305,0.003205828800765502
infinita,infinita,1.25,12.5,306,0.0030639370018637068
infinita,infinita,1.25,12.5,307,0.002491462111265378
infinita,infinita,1.25,12.5,308,0.002524796689222711
infinita,infinita,1.25,12.5,309,0.00242486322916038
infinita,infinita,1.25,12.5,310,0.002808360213381576
infinita,infinita,1.25,12.5,311,0.0026309903441554
infinita,infinita,1.25,12.5,312,0.002067061213046891
infinita,infinita,1.25,12.5,313,0.0020797645064718467
infinita,infinita,1.25,12.5,314,0.002036410091784383
infinita,infinita,1.25,12.5,315,0.0021022713797276254
infinita,infinita,1.25,12.5,316,0.001801777379182866
infinita,infinita,1.25,12.5,317,0.0018332099894398722
infinita,infinita,1.25,12.5,318,0.002078804467497527
infinita,infinita,1.25,12.5,319,0.002981256931814137
infinita,infinita,1.25,12.5,320,0.00254382056465073
infinita,infinita,1.25,12.5,321,0.0018928683339361073
infinita,infinita,1.25,12.5,322,0.0011555720456916773
infinita,infinita,1.25,12.5,323,0.0014628880397283555
infinita,infinita,1.25,12.5,324,0.0013515887476620706
infinita,infinita,1.25,12.5,325,0.001101468067224104
infinita,infinita,1.25,12.5,326,0.0013257806251710347
infinita,infinita,1.25,12.5,327,0.0014288885511423855
infinita,infinita,1.25,12.5,328,0.0015876423187532892
infinita,infinita,1.25,12.5,329,0.001381962637057363
infinita,infinita,1.25,12.5,330,0.00138688658142069
infinita,infinita,1.25,12.5,331,0.0016725386190328563
infinita,infinita,1.25,12.5,332,0.001684729363530181
infinita,infinita,1.25,12.5,333,0.0018917784720400873
infinita,infinita,1.25,12.5,334,0.0023522046870144064
infinita,infinita,1.25,12.5,335,0.002291385537438167
infinita,infinita,1.25,12.5,336,0.0025329091620569315
infinita,infinita,1.25,12.5,337,0.0024269676554408972
infinita,infinita,1.25,12.5,338,0.0023879580536134313
infinita,infinita,1.25,12.5,339,0.0023747449238960172
infinita,infinita,1.25,12.5,340,0.0024182966571677797
infinita,infinita,1.25,12.5,341,0.002694715445175767
infinita,infinita,1.25,12.5,342,0.0029240533858435783
infinita,infinita,1.25,12.5,343,0.0035539851655106173
infinita,infinita,1.25,12.5,344,0.003359008019861165
infinita,infinita,1.25,12.5,345,0.0027571724346261775
infinita,infinita,1.25,12.5,346,0.0017161805228650805
infinita,infinita,1.25,12.5,347,0.0018724895077732028
infinita,infinita,1.25,12.5,348,0.0015307111316313709
infinita,infinita,1.25,12.5,349,0.0018405573077339668
infinita,infinita,1.25,12.5,350,0.0020931659112932836
infinita,infinita,1.25,12.5,351,0.0019094274610359392
infinita,infinita,1.25,12.5,352,0.002069756787748432
infinita,infinita,1.25,12.5,353,0.002355804887750949
infinita,infinita,1.25,12.5,354,0.002384017856457774
infinita,infinita,1.25,12.5,355,0.0023947639476134272
infinita,infinita,1.25,12.5,356,0.0019975972969193023
infinita,infinita,1.25,12.5,357,0.0019438365630660003
infinita,infinita,1.25,12.5,358,0.0016345035366423064
infinita,infinita,1.25,12.5,359,0.0022945833955632577
infinita,infinita,1.25,12.5,360,0.00263870799180188
infinita,infinita,1.25,12.5,361,0.002361389913361037
infinita,infinita,1.25,12.5,362,0.002378124945053777
infinita,infinita,1.25,12.5,363,0.003407765419911371
infinita,infinita,1.25,12.5,364,0.003128118378250882
infinita,infinita,1.25,12.5,365,0.002643994283461147
infinita,infinita,1.25,12.5,366,0.002871066376464114
infinita,infinita,1.25,12.5,367,0.0024671444756618898
infinita,infinita,1.25,12.5,368,0.0020218398265997024
infinita,infinita,1.25,12.5,369,0.0023431643252418864
infinita,infinita,1.25,12.5,370,0.002601256241798481
infinita,infinita,1.25,12.5,371,0.0020436494229924235
infinita,infinita,1.25,12.5,372,0.0021463681465532574
infinita,infinita,1.25,12.5,373,0.0023015649025871026
infinita,infinita,1.25,12.5,374,0.0022116545345385956
infinita,infinita,1.25,12.5,375,0.002443708850625107
infinita,infinita,1.25,12.5,376,0.002014823879686837
infinita,infinita,1.25,12.5,377,0.001684856788276498
infinita,infinita,1.25,12.5,378,0.0013180984385850678
infinita,infinita,1.25,12.5,379,0.0013057652198961165
infinita,infinita,1.25,12.5,380,0.0017290622195580384
infinita,infinita,1.25,12.5,381,0.0020803942799993394
infinita,infinita,1.25,12.5,382,0.001232812928219225
infinita,infinita,1.25,12.5,383,0.0012136389069829505
infinita,infinita,1.25,12.5,384,0.0010057787084633318
infinita,infinita,1.25,12.5,385,0.0014466574077587565
infinita,infinita,1.25,12.5,386,0.0014368610348348696
infinita,infinita,1.25,12.5,387,0.002011878983109277
infinita,infinita,1.25,12.5,388,0.0018962266138850693
infinita,infinita,1.25,12.5,389,0.002066772688031158
infinita,infinita,1.25,12.5,390,0.0019258257491367985
infinita,infinita,1.25,12.5,391,0.0021569566482843357
infinita,infinita,1.25,12.5,392,0.0021573431942753275
infinita,infinita,1.25,12.5,393,0.001670318694812991
infinita,infinita,1.25,12.5,394,0.0016430196985697805
infinita,infinita,1.25,12.5,395,0.001911495941380167
infinita,infinita,1.25,12.5,396,0.001901935452060563
infinita,infinita,1.25,12.5,397,0.0017180783846632863
infinita,infinita,1.25,12.5,398,0.002125557647356686
infinita,infinita,1.25,12.5,399,0.001642751878560844
infinita,infinita,1.25,12.5,400,0.0014401600067142795
infinita,infinita,1.25,12.5,401,0.0013728678641189659
infinita,infinita,1.25,12.5,402,0.0011851745376372663
infinita,infinita,1.25,12.5,403,0.0011581531094789668
infinita,infinita,1.25,12.5,404,0.0010396864121822347
infinita,infinita,1.25,12.5,405,0.0009710127916397226
infinita,infinita,1.25,12.5,406,0.0011264461697007705
infinita,infinita,1.25,12.5,407,0.0017814236659427964
infinita,infinita,1.25,12.5,408,0.001866111882810962
infinita,infinita,1.25,12.5,409,0.0015428542139109638
infinita,infinita,1.25,12.5,410,0.0014703211202767505
infinita,infinita,1.25,12.5,411,0.0012653453456503883
infinita,infinita,1.25,12.5,412,0.0018293690741970682
infinita,infinita,1.25,12.5,413,0.0017066314116684744
infinita,infinita,1.25,12.5,414,0.0014999921031737921
infinita,infinita,1.25,12.5,415,0.001744340075804208
infinita,infinita,1.25,12.5,416,0.0018285896704171415
infinita,infinita,1.25,12.5,417,0.0017228681917229793
infinita,infinita,1.25,12.5,418,0.0014456090493532908
infinita,infinita,1.25,12.5,419,0.0017036076425253712
infinita,infinita,1.25,12.5,420,0.0017774576602528373
infinita,infinita,1.25,12.5,421,0.0016139797737924275
infinita,infinita,1.25,12.5,422,0.0014195526582608724
infinita,infinita,1.25,12.5,423,0.0012371388605750945
infinita,infinita,1.25,12.5,424,0.0008457848706205892
infinita,infinita,1.25,12.5,425,0.0008826599414241325
infinita,infinita,1.25,12.5,426,0.0010361763194709302
infinita,infinita,1.25,12.5,427,0.001121018112397773
infinita,infinita,1.25,12.5,428,0.0017415358513429642
infinita,infinita,1.25,12.5,429,0.0021862098109884675
infinita,infinita,1.25,12.5,430,0.0020947715127863534
infinita,infinita,1.25,12.5,431,0.001748037836480481
infinita,infinita,1.25,12.5,432,0.0014473805037924436
infinita,infinita,1.25,12.5,433,0.0009877687127176039
infinita,infinita,1.25,12.5,434,0.0018158614663582758
infinita,infinita,1.25,12.5,435,0.0015137775950279794
infinita,infinita,1.25,12.5,436,0.0017749550589133555
infinita,infinita,1.25,12.5,437,0.001468607182958171
infinita,infinita,1.25,12.5,438,0.001656967027928731
infinita,infinita,1.25,12.5,439,0.0021510005337874814
infinita,infinita,1.25,12.5,440,0.002365783933925201
infinita,infinita,1.25,12.5,441,0.0025797284502199246
infinita,infinita,1.25,12.5,442,0.0025383178372628203
infinita,infinita,1.25,12.5,443,0.002858489073728716
infinita,infinita,1.25,12.5,444,0.0033442714381321185
infinita,infinita,1.25,12.5,445,0.0026330578399953453
infinita,infinita,1.25,12.5,446,0.0020973452868226694
infinita,infinita,1.25,12.5,447,0.002233942355152596
infinita,infinita,1.25,12.5,448,0.0015326536217969177
infinita,infinita,1.25,12.5,449,0.0015175667569755902
infinita,infinita,1.25,12.5,450,0.0022550542164924536
infinita,infinita,1.25,12.5,451,0.0016638336627645067
infinita,infinita,1.25,12.5,452,0.000992548830585065
infinita,infinita,1.25,12.5,453,0.0005649809471265753
infinita,infinita,1.25,12.5,454,0.0007207900104643982
infinita,infinita,1.25,12.5,455,0.0014287268829567285
infinita,infinita,1.25,12.5,456,0.0013182739625775023
infinita,infinita,1.25,12.5,457,0.001108623133641089
infinita,infinita,1.25,12.5,458,0.0008218896881124919
infinita,infinita,1.25,12.5,459,0.0013345223916808493
infinita,infinita,1.25,12.5,460,0.002023367054805732
infinita,infinita,1.25,12.5,461,0.0018913880025919524
infinita,infinita,1.25,12.5,462,0.0026637499785928187
infinita,infinita,1.25,12.5,463,0.002721928567647552
infinita,infinita,1.25,12.5,464,0.0024991656575948013
infinita,infinita,1.25,12.5,465,0.002714354035393455
infinita,infinita,1.25,12.5,466,0.002865341831162283
infinita,infinita,1.25,12.5,467,0.0036445246182090613
infinita,infinita,1.25,12.5,468,0.002817984276196171
infinita,infinita,1.25,12.5,469,0.002171194338451784
infinita,infinita,1.25,12.5,470,0.0017393297783559944
infinita,infinita,1.25,12.5,471,0.0022966204089059374
infinita,infinita,1.25,12.5,472,0.0009593719376418334
infinita,infinita,1.25,12.5,473,0.00127480350408581
infinita,infinita,1.25,12.5,474,0.0021374656765717932
infinita,infinita,1.25,12.5,475,0.001744552603395533
infinita,infinita,1.25,12.5,476,0.0015001768019992311
infinita,infinita,1.25,12.5,477,0.0014836409228347522
infinita,infinita,1.25,12.5,478,0.0024641375858909386
infinita,infinita,1.25,12.5,479,0.0025941530614920225
infinita,infinita,1.25,12.5,480,0.0016062256018732908
infinita,infinita,1.25,12.5,481,0.0007690916164405622
infinita,infinita,1.25,12.5,482,0.0008533623004975937
infinita,infinita,1.25,12.5,483,0.0005260577222575193
infinita,infinita,1.25,12.5,484,0.0004987320444527939
infinita,infinita,1.25,12.5,485,0.0009570306190412624
infinita,infinita,1.25,12.5,486,0.0005521146355505095
infinita,infinita,1.25,12.5,487,0.0007311885617100132
infinita,infinita,1.25,12.5,488,0.00111703484761253
infinita,infinita,1.25,12.5,489,0.0016404053318940157
infinita,infinita,1.25,12.5,490,0.0014404680278806267
infinita,infinita,1.25,12.5,491,0.0017013112116954685
infinita,infinita,1.25,12.5,492,0.0009335687195369076
infinita,infinita,1.25,12.5,493,0.0015263199742862241
infinita,infinita,1.25,12.5,494,0.0017212640697271693
infinita,infinita,1.25,12.5,495,0.002990721319169012
infinita,infinita,1.25,12.5,496,0.002801451694146948
infinita,infinita,1.25,12.5,497,0.0036459554534575746
infinita,infinita,1.25,12.5,498,0.003455455249658428
infinita,infinita,1.25,12.5,499,0.0020699752923012227
infinita,infinita,1.25,12.5,500,0.0014169540901413312
infinita,infinita,1.25,12.5,501,0.0015174289173531007
infinita,infinita,1.25,12.5,502,0.0012378851396687906
infinita,infinita,1.25,12.5,503,0.001588871340463882
infinita,infinita,1.25,12.5,504,0.002763444509695923
infinita,infinita,1.25,12.5,505,0.0035273492823296236
infinita,infinita,1.25,12.5,506,0.003209509199532299
infinita,infinita,1.25,12.5,507,0.0030146929199601404
infinita,infinita,1.25,12.5,508,0.0014467289109931513
infinita,infinita,1.25,12.5,509,0.002066289726340429
infinita,infinita,1.25,12.5,510,0.0014790086670057078
infinita,infinita,1.25,12.5,511,0.002106568307455916
infinita,infinita,1.25,12.5,512,0.0026452201561917355
infinita,infinita,1.25,12.5,513,0.0023619325987858986
infinita,infinita,1.25,12.5,514,0.0022415058112712906
infinita,infinita,1.25,12.5,515,0.00226276275135272
infinita,infinita,1.25,12.5,516,0.0010684995138907046
infinita,infinita,1.25,12.5,517,0.0006096945940059584
infinita,infinita,1.25,12.5,518,0.0007043555066944882
infinita,infinita,1.25,12.5,519,0.0011481236410883849
infinita,infinita,1.25,12.5,520,0.0014404999394889255
infinita,infinita,1.25,12.5,521,0.0016791869836128607
infinita,infinita,1.25,12.5,522,0.0023429364193321097
infinita,infinita,1.25,12.5,523,0.0024736453634371476
infinita,infinita,1.25,12.5,524,0.00312216855869759
infinita,infinita,1.25,12.5,525,0.0018107875127778546
infinita,infinita,1.25,12.5,526,0.001882549645349864
infinita,infinita,1.25,12.5,527,0.0014414633056068736
infinita,infinita,1.25,12.5,528,0.0020829779615092053
infinita,infinita,1.25,12.5,529,0.001767808535892025
infinita,infinita,1.25,12.5,530,0.002054396865849763
infinita,infinita,1.25,12.5,531,0.001185023147047417
infinita,infinita,1.25,12.5,532,0.0019818737682984985
infinita,infinita,1.25,12.5,533,0.002735979224103981
infinita,infinita,1.25,12.5,534,0.003395006237074559
infinita,infinita,1.25,12.5,535,0.0025622915768010062
infinita,infinita,1.25,12.5,536,0.0013484867824680672
infinita,infinita,1.25,12.5,537,0.0010249336161936168
infinita,infinita,1.25,12.5,538,0.0013172213078374284
infinita,infinita,1.25,12.5,539,0.0015202067064376953
infinita,infinita,1.25,12.5,540,0.0008838476756037513
infinita,infinita,1.25,12.5,541,0.0008684373283353845
infinita,infinita,1.25,12.5,542,0.000911349408037907
infinita,infinita,1.25,12.5,543,0.0010284007135716422
infinita,infinita,1.25,12.5,544,0.0009063395545467756
infinita,infinita,1.25,12.5,545,0.0017045234187781943
infinita,infinita,1.25,12.5,546,0.001489826782329047
infinita,infinita,1.25,12.5,547,0.0012763049583216458
infinita,infinita,1.25,12.5,548,0.0015439812090115622
infinita,infinita,1.25,12.5,549,0.0013164831180441183
infinita,infinita,1.25,12.5,550,0.0003284638886372448
infinita,infinita,1.25,12.5,551,0.00037461617287931403
infinita,infinita,1.25,12.5,552,0.0005978955373559103
infinita,infinita,1.25,12.5,553,0.000240313692409444
infinita,infinita,1.25,12.5,554,0.000565469444337836
infinita,infinita,1.25,12.5,555,0.0005785130805114136
infinita,infinita,1.25,12.5,556,0.0009311275435628374
infinita,infinita,1.25,12.5,557,0.002772767818379549
infinita,infinita,1.25,12.5,558,0.0007897117572549916
infinita,infinita,1.25,12.5,559,0.0006934166048520751
infinita,infinita,1.25,12.5,560,0.0010635168918116734
infinita,infinita,1.25,12.5,561,0.0003603307204842565
infinita,infinita,1.25,12.5,562,0.0014541435885433174
infinita,infinita,1.25,12.5,563,0.0005797277979880277
infinita,infinita,1.25,12.5,564,0.00043850645657727227
infinita,infinita,1.25,12.5,565,0.0007067036566380836
infinita,infinita,1.25,12.5,566,0.001053947934469761
infinita,infinita,1.25,12.5,567,0.002014978164450412
infinita,infinita,1.25,12.5,568,0.0025213742470661773
infinita,infinita,1.25,12.5,569,0.0012220617150598655
infinita,infinita,1.25,12.5,570,0.0003061243354640908
infinita,infinita,1.25,12.5,571,0.000770029103914922
infinita,infinita,1.25,12.5,572,0.0006325984998077416
infinita,infinita,1.25,12.5,573,0.0006194014338660736
infinita,infinita,1.25,12.5,574,0.0012074960571241177
infinita,infinita,1.25,12.5,575,0.0010532480742611483
infinita,infinita,1.25,12.5,576,0.0009676628432654156
infinita,infinita,1.25,12.5,577,0.0015849411056170482
infinita,infinita,1.25,12.5,578,0.0006646883876695142
infinita,infinita,1.25,12.5,579,0.0007927447541076305
infinita,infinita,1.25,12.5,580,0.0021097879432821287
infinita,infinita,1.25,12.5,581,0.00176574781861504
infinita,infinita,1.25,12.5,582,0.003683762486157676
infinita,infinita,1.25,12.5,583,0.005458784291328981
infinita,infinita,1.25,12.5,584,0.0018191738664490487
infinita,infinita,1.25,12.5,585,0.0014779996594431566
infinita,infinita,1.25,12.5,586,0.002191954669019367
infinita,infinita,1.25,12.5,587,0.002865038100446569
infinita,infinita,1.25,12.5,588,0.002634053578771045
infinita,infinita,1.25,12.5,589,0.0031346719359821406
infinita,infinita,1.25,12.5,590,0.0033816921532983458
infinita,infinita,1.25,12.5,591,0.003547714434008427
infinita,infinita,1.25,12.5,592,0.0033973732793091214
infinita,infinita,1.25,12.5,593,0.005810713846809179
infinita,infinita,1.25,12.5,594,0.004496972717411154
infinita,infinita,1.25,12.5,595,0.00621007903634208
infinita,infinita,1.25,12.5,596,0.004731893107688095
infinita,infinita,1.25,12.5,597,0.006063521964623817
infinita,infinita,1.25,12.5,598,0.0045215531421127515
infinita,infinita,1.25,12.5,599,0.0028143521002500192
infinita,infinita,1.25,12.5,600,0.0008726753795374265
infinita,infinita,1.25,12.5,601,0.0008149821004242596
infinita,infinita,1.25,12.5,602,0.00141873684490605
infinita,infinita,1.25,12.5,603,6.168810759902498e-05
infinita,infinita,1.25,12.5,604,1.1962177833026999e-05
infinita,infinita,1.25,12.5,605,0.00022816913625916868
infinita,infinita,1.25,12.5,606,4.529912153543592e-06
infinita,infinita,1.25,12.5,607,0.00030713797873076486
infinita,infinita,1.25,12.5,608,0.0008885360395433395
infinita,infinita,1.25,12.5,609,0.0009300020206640625
infinita,infinita,1.25,12.5,610,0.0007921854554537333
infinita,infinita,1.25,12.5,611,0.0009788828379126357
infinita,infinita,1.25,12.5,612,0.0004147291078427884
infinita,infinita,1.25,12.5,613,0.0002854381604105072
infinita,infinita,1.25,12.5,614,0.0002492233891841522
infinita,infinita,1.25,12.5,615,0.000523189932606698
infinita,infinita,1.25,12.5,616,5.692360965383614e-05
